-- MySQL dump 10.13  Distrib 5.7.43, for Linux (x86_64)
--
-- Host: 172.19.0.2    Database: test-dev-megavision
-- ------------------------------------------------------
-- Server version	5.7.43

/*!40101 SET @OLD_CHARACTER_SET_CLIENT=@@CHARACTER_SET_CLIENT */;
/*!40101 SET @OLD_CHARACTER_SET_RESULTS=@@CHARACTER_SET_RESULTS */;
/*!40101 SET @OLD_COLLATION_CONNECTION=@@COLLATION_CONNECTION */;
/*!40101 SET NAMES utf8 */;
/*!40103 SET @OLD_TIME_ZONE=@@TIME_ZONE */;
/*!40103 SET TIME_ZONE='+00:00' */;
/*!40014 SET @OLD_UNIQUE_CHECKS=@@UNIQUE_CHECKS, UNIQUE_CHECKS=0 */;
/*!40014 SET @OLD_FOREIGN_KEY_CHECKS=@@FOREIGN_KEY_CHECKS, FOREIGN_KEY_CHECKS=0 */;
/*!40101 SET @OLD_SQL_MODE=@@SQL_MODE, SQL_MODE='NO_AUTO_VALUE_ON_ZERO' */;
/*!40111 SET @OLD_SQL_NOTES=@@SQL_NOTES, SQL_NOTES=0 */;

--
-- Table structure for table `session`
--

DROP TABLE IF EXISTS `session`;
/*!40101 SET @saved_cs_client     = @@character_set_client */;
/*!40101 SET character_set_client = utf8 */;
CREATE TABLE `session` (
  `session_id` varchar(50) NOT NULL,
  `ip_address` varchar(16) DEFAULT NULL,
  `user_agent` varchar(300) DEFAULT NULL,
  `user_data` text,
  `last_activity` int(11) DEFAULT NULL,
  PRIMARY KEY (`session_id`)
) ENGINE=InnoDB DEFAULT CHARSET=latin1;
/*!40101 SET character_set_client = @saved_cs_client */;

--
-- Dumping data for table `session`
--

LOCK TABLES `session` WRITE;
/*!40000 ALTER TABLE `session` DISABLE KEYS */;
INSERT INTO `session` VALUES ('4a6bee9f7138e825f8f286a51d860403','172.17.0.1','Mozilla/5.0 (X11; Linux x86_64; rv:109.0) Gecko/20100101 Firefox/117.0','',1694019780),('59dafa85a4d40ec249585815b4a3bcf7','172.17.0.1','Mozilla/5.0 (X11; Linux x86_64; rv:109.0) Gecko/20100101 Firefox/117.0','a:6:{s:9:\"user_data\";s:0:\"\";s:9:\"user_name\";s:5:\"admin\";s:8:\"password\";s:5:\"admin\";s:8:\"group_id\";i:2;s:5:\"login\";b:1;s:32:\"c8f0c7fefb5e73008bc1dab4052eb9ae\";s:0:\"\";}',1694019826),('5f9b792488a9d9a1ed1098996a053773','192.168.0.13','Mozilla/5.0 (iPhone; CPU iPhone OS 15_7_8 like Mac OS X) AppleWebKit/605.1.15 (KHTML, like Gecko) Version/15.6.6 Mobile/','a:2:{s:9:\"user_data\";s:0:\"\";s:24:\"flash:old:message_logout\";b:1;}',1694020060),('760e946dec1aebff9fb600f7ae55ab67','172.17.0.1','Mozilla/5.0 (X11; Linux x86_64; rv:109.0) Gecko/20100101 Firefox/117.0','a:6:{s:9:\"user_data\";s:0:\"\";s:9:\"user_name\";s:5:\"admin\";s:8:\"password\";s:5:\"admin\";s:8:\"group_id\";i:2;s:5:\"login\";b:1;s:32:\"66370f469dc7c1d16010027ec0deb049\";s:0:\"\";}',1694019770),('7aff754bce974b492c7b761eba37ab17','172.17.0.1','Mozilla/5.0 (X11; Linux x86_64; rv:109.0) Gecko/20100101 Firefox/117.0','',1694016401),('f945f478089ab72c182cdf9ada6e3242','172.17.0.1','Mozilla/5.0 (X11; Linux x86_64; rv:109.0) Gecko/20100101 Firefox/117.0','a:2:{s:9:\"user_data\";s:0:\"\";s:25:\"flash:new:session_expired\";b:1;}',1694016400);
/*!40000 ALTER TABLE `session` ENABLE KEYS */;
UNLOCK TABLES;

--
-- Table structure for table `tm_order`
--

DROP TABLE IF EXISTS `tm_order`;
/*!40101 SET @saved_cs_client     = @@character_set_client */;
/*!40101 SET character_set_client = utf8 */;
CREATE TABLE `tm_order` (
  `id` int(11) NOT NULL AUTO_INCREMENT,
  `order_date` date DEFAULT NULL,
  `order_days` varchar(10) DEFAULT NULL,
  `order_item` varchar(50) DEFAULT NULL,
  `order_amount` decimal(19,4) DEFAULT NULL,
  `client_id` varchar(6) DEFAULT NULL,
  `client_name` varchar(100) DEFAULT NULL,
  `client_email` varchar(100) DEFAULT NULL,
  `client_phone` varchar(20) DEFAULT NULL,
  `employee_id` varchar(4) DEFAULT NULL,
  PRIMARY KEY (`id`),
  KEY `tm_order_FK` (`employee_id`),
  CONSTRAINT `tm_order_FK` FOREIGN KEY (`employee_id`) REFERENCES `tr_employee` (`employee_id`)
) ENGINE=InnoDB AUTO_INCREMENT=1001 DEFAULT CHARSET=latin1;
/*!40101 SET character_set_client = @saved_cs_client */;

--
-- Dumping data for table `tm_order`
--

LOCK TABLES `tm_order` WRITE;
/*!40000 ALTER TABLE `tm_order` DISABLE KEYS */;
INSERT INTO `tm_order` VALUES (1,'2023-05-28','Monday','Item A',200000.0000,'C00001','Megan Steer','megan.steer@gmail.com','+62 824-6188-6273','S003'),(2,'2023-05-28','Monday','Item A',200000.0000,'C00002','David Irving','david.irving@gmail.com','+62 859-612-377','S010'),(3,'2023-05-28','Monday','Item A',200000.0000,'C00003','Bryon King','bryon.king@gmail.com','+62 897-2631-26264','S009'),(4,'2023-05-28','Monday','Item A',200000.0000,'C00004','Selena Jeffery','selena.jeffery@gmail.com','+62 823-694-868','S001'),(5,'2023-05-28','Monday','Item A',200000.0000,'C00005','Francesca Ballard','francesca.ballard@gmail.com','+62 867-289-555','S002'),(6,'2023-05-28','Monday','Item A',200000.0000,'C00006','Stella Gardner','stella.gardner@gmail.com','+62 884-8291-211','S001'),(7,'2023-05-28','Monday','Item A',200000.0000,'C00007','George Tindall','george.tindall@gmail.com','+62 838-8083-8570','S006'),(8,'2023-05-28','Monday','Item A',200000.0000,'C00008','Tony Eddison','tony.eddis@gmail.com','+62 827-9645-37438','S003'),(9,'2023-05-28','Monday','Item A',200000.0000,'C00009','Julian Stewart','julian.stewart@gmail.com','+62 838-7023-6837','S007'),(10,'2023-05-28','Monday','Item A',200000.0000,'C00010','Margot Reese','margot.reese@gmail.com','+62 886-069-551','S001'),(11,'2023-05-28','Monday','Item A',200000.0000,'C00011','Hank James','hank.james@gmail.com','+62 862-1586-423','S004'),(12,'2023-05-28','Monday','Item A',200000.0000,'C00012','Abdul Walsh','abdul.walsh@gmail.com','+62 874-8165-3938','S002'),(13,'2023-05-28','Monday','Item A',200000.0000,'C00013','Raquel Preston','raquel.preston@gmail.com','+62 811-126-974','S002'),(14,'2023-05-29','Tuesday','Item A',200000.0000,'C00014','Logan Mcnally','logan.mcnall@gmail.com','+62 864-4884-562','S009'),(15,'2023-05-29','Tuesday','Item A',200000.0000,'C00015','Luna Townend','luna.towne@gmail.com','+62 899-5262-51245','S007'),(16,'2023-05-29','Tuesday','Item A',200000.0000,'C00016','Carl Adams','carl.adams@gmail.com','+62 862-0570-86127','S009'),(17,'2023-05-29','Tuesday','Item A',200000.0000,'C00017','Bob Squire','bob.squi@gmail.com','+62 869-6824-7525','S009'),(18,'2023-05-29','Tuesday','Item A',200000.0000,'C00018','Aiden Talbot','aiden.talbot@gmail.com','+62 860-4178-363','S001'),(19,'2023-05-29','Tuesday','Item A',200000.0000,'C00019','Brad Sawyer','brad.sawye@gmail.com','+62 896-1391-03914','S006'),(20,'2023-05-29','Tuesday','Item A',200000.0000,'C00020','Savannah Clark','savannah.clark@gmail.com','+62 894-4472-7808','S006'),(21,'2023-05-29','Tuesday','Item A',200000.0000,'C00021','Rowan Ogilvy','rowan.ogilvy@gmail.com','+62 814-9774-9692','S010'),(22,'2023-05-29','Tuesday','Item A',200000.0000,'C00022','Erica Mann','erica.mann@gmail.com','+62 824-0883-4248','S010'),(23,'2023-05-29','Tuesday','Item A',200000.0000,'C00023','Sharon Wise','sharon.wise@gmail.com','+62 813-5393-558','S001'),(24,'2023-05-29','Tuesday','Item A',200000.0000,'C00024','Winnie Morris','winnie.morris@gmail.com','+62 872-8826-30844','S007'),(25,'2023-05-29','Tuesday','Item A',200000.0000,'C00025','Christy Verdon','christy.verdon@gmail.com','+62 812-738-438','S003'),(26,'2023-05-29','Tuesday','Item A',200000.0000,'C00026','Ciara Michael','ciara.michae@gmail.com','+62 860-117-148','S001'),(27,'2023-05-29','Tuesday','Item A',200000.0000,'C00027','Luke Callan','luke.calla@gmail.com','+62 810-129-595','S004'),(28,'2023-05-29','Tuesday','Item A',200000.0000,'C00028','Alan Murphy','alan.murph@gmail.com','+62 824-3082-01931','S001'),(29,'2023-05-29','Tuesday','Item A',200000.0000,'C00029','Jayden Purvis','jayden.purvis@gmail.com','+62 889-1835-651','S005'),(30,'2023-05-29','Tuesday','Item A',200000.0000,'C00030','Manuel Durrant','manuel.durrant@gmail.com','+62 875-8862-280','S007'),(31,'2023-05-29','Tuesday','Item A',200000.0000,'C00031','Dasha Umney','dasha.umney@gmail.com','+62 867-9624-9744','S001'),(32,'2023-05-29','Tuesday','Item A',200000.0000,'C00032','Payton Reid','payton.reid@gmail.com','+62 885-003-045','S006'),(33,'2023-05-30','Wednesday','Item A',200000.0000,'C00033','Eden Newman','eden.newma@gmail.com','+62 896-2790-49944','S010'),(34,'2023-05-30','Wednesday','Item A',200000.0000,'C00034','Noemi Whatson','noemi.whatso@gmail.com','+62 833-3788-9702','S010'),(35,'2023-05-30','Wednesday','Item A',200000.0000,'C00035','David Kaur','david.kaur@gmail.com','+62 827-7217-4850','S001'),(36,'2023-05-30','Wednesday','Item A',200000.0000,'C00036','Henry Vince','henry.vince@gmail.com','+62 822-3338-86764','S002'),(37,'2023-05-30','Wednesday','Item A',200000.0000,'C00037','Shay Brown','shay.brown@gmail.com','+62 884-4310-38917','S003'),(38,'2023-05-30','Wednesday','Item A',200000.0000,'C00038','Abdul Healy','abdul.healy@gmail.com','+62 827-8391-998','S004'),(39,'2023-05-30','Wednesday','Item A',200000.0000,'C00039','Javier Giles','javier.giles@gmail.com','+62 888-5995-7246','S005'),(40,'2023-05-30','Wednesday','Item A',200000.0000,'C00040','Sebastian Gallacher','sebastian.gallacher@gmail.com','+62 860-5773-854','S004'),(41,'2023-05-30','Wednesday','Item A',200000.0000,'C00041','Kenzie Hogg','kenzie.hogg@gmail.com','+62 821-2524-1253','S004'),(42,'2023-05-30','Wednesday','Item A',200000.0000,'C00042','Maria Ward','maria.ward@gmail.com','+62 881-2354-2378','S006'),(43,'2023-05-30','Wednesday','Item A',200000.0000,'C00043','Bart Brock','bart.brock@gmail.com','+62 861-7871-14263','S006'),(44,'2023-05-30','Wednesday','Item A',200000.0000,'C00044','Iris Briggs','iris.brigg@gmail.com','+62 836-456-387','S006'),(45,'2023-05-30','Wednesday','Item A',200000.0000,'C00045','Marvin Notman','marvin.notman@gmail.com','+62 836-5389-214','S005'),(46,'2023-05-30','Wednesday','Item A',200000.0000,'C00046','Cassidy Eaton','cassidy.eaton@gmail.com','+62 839-653-689','S009'),(47,'2023-05-30','Wednesday','Item A',200000.0000,'C00047','Gemma Robertson','gemma.robert@gmail.com','+62 826-268-512','S009'),(48,'2023-05-30','Wednesday','Item A',200000.0000,'C00048','Gabriel Upton','gabriel.upton@gmail.com','+62 868-0147-865','S008'),(49,'2023-05-31','Thursday','Item A',200000.0000,'C00049','Eileen Keys','eileen.keys@gmail.com','+62 878-4699-669','S006'),(50,'2023-05-31','Thursday','Item A',200000.0000,'C00050','Eve Larsen','eve.lars@gmail.com','+62 830-0204-8069','S010'),(51,'2023-05-31','Thursday','Item A',200000.0000,'C00051','Rufus Simpson','rufus.simpso@gmail.com','+62 871-6636-648','S002'),(52,'2023-05-31','Thursday','Item A',200000.0000,'C00052','Britney Rowlands','britney.rowlands@gmail.com','+62 888-6407-2095','S010'),(53,'2023-05-31','Thursday','Item A',200000.0000,'C00053','Catherine Newman','catherine.newman@gmail.com','+62 884-1684-0263','S005'),(54,'2023-05-31','Thursday','Item A',200000.0000,'C00054','Chad Townend','chad.towne@gmail.com','+62 899-439-065','S002'),(55,'2023-05-31','Thursday','Item A',200000.0000,'C00055','Evie Jenkin','evie.jenki@gmail.com','+62 873-7877-94137','S003'),(56,'2023-05-31','Thursday','Item A',200000.0000,'C00056','Rufus Turner','rufus.turner@gmail.com','+62 874-5328-32221','S004'),(57,'2023-05-31','Thursday','Item A',200000.0000,'C00057','Jayden Power','jayden.power@gmail.com','+62 855-712-233','S008'),(58,'2023-05-31','Thursday','Item A',200000.0000,'C00058','Marjorie Bingham','marjorie.bingham@gmail.com','+62 890-1555-120','S009'),(59,'2023-05-31','Thursday','Item A',200000.0000,'C00059','Harry Weldon','harry.weldon@gmail.com','+62 829-1936-58503','S008'),(60,'2023-05-31','Thursday','Item A',200000.0000,'C00060','Melania Wade','melania.wade@gmail.com','+62 891-7066-49927','S007'),(61,'2023-05-31','Thursday','Item A',200000.0000,'C00061','Francesca Ebden','francesca.ebden@gmail.com','+62 821-8815-82156','S002'),(62,'2023-06-01','Friday','Item A',200000.0000,'C00062','Chuck Lewis','chuck.lewis@gmail.com','+62 868-8354-1654','S006'),(63,'2023-06-01','Friday','Item A',200000.0000,'C00063','Kirsten Varley','kirsten.varley@gmail.com','+62 864-1904-53825','S004'),(64,'2023-06-01','Friday','Item A',200000.0000,'C00064','Sebastian Newton','sebastian.newton@gmail.com','+62 813-1716-246','S001'),(65,'2023-06-01','Friday','Item A',200000.0000,'C00065','Rufus Patel','rufus.patel@gmail.com','+62 888-3136-80422','S005'),(66,'2023-06-01','Friday','Item A',200000.0000,'C00066','Chris Edmonds','chris.edmond@gmail.com','+62 869-7193-8530','S001'),(67,'2023-06-01','Friday','Item B',500000.0000,'C00067','Jaylene Little','jaylene.little@gmail.com','+62 878-3578-92894','S010'),(68,'2023-06-01','Friday','Item B',500000.0000,'C00068','Phillip Collingwood','phillip.collingw@gmail.com','+62 813-7622-12561','S009'),(69,'2023-06-01','Friday','Item B',500000.0000,'C00069','Oliver Fenton','oliver.fenton@gmail.com','+62 824-8149-031','S001'),(70,'2023-06-01','Friday','Item B',500000.0000,'C00070','Valerie Alexander','valerie.alexande@gmail.com','+62 870-2635-3793','S008'),(71,'2023-06-04','Monday','Item B',500000.0000,'C00071','Johnathan Rogers','johnathan.rogers@gmail.com','+62 884-4596-3218','S004'),(72,'2023-06-04','Monday','Item B',500000.0000,'C00072','Nick Ebden','nick.ebden@gmail.com','+62 813-5738-112','S001'),(73,'2023-06-04','Monday','Item B',500000.0000,'C00073','Carol Maxwell','carol.maxwel@gmail.com','+62 857-4776-2725','S004'),(74,'2023-06-04','Monday','Item B',500000.0000,'C00074','Ema Mcneill','ema.mcne@gmail.com','+62 899-2899-1138','S001'),(75,'2023-06-04','Monday','Item B',500000.0000,'C00075','Hazel Knott','hazel.knott@gmail.com','+62 898-2984-2283','S009'),(76,'2023-06-04','Monday','Item B',500000.0000,'C00076','Clint Parker','clint.parker@gmail.com','+62 890-9693-0762','S003'),(77,'2023-06-04','Monday','Item B',500000.0000,'C00077','Jacob Moran','jacob.moran@gmail.com','+62 852-6018-169','S004'),(78,'2023-06-04','Monday','Item B',500000.0000,'C00078','Helen Bullock','helen.bulloc@gmail.com','+62 853-287-918','S005'),(79,'2023-06-04','Monday','Item B',500000.0000,'C00079','Joseph Beal','joseph.beal@gmail.com','+62 835-3729-601','S010'),(80,'2023-06-04','Monday','Item B',500000.0000,'C00080','Oliver Kaur','oliver.kaur@gmail.com','+62 814-6574-41698','S001'),(81,'2023-06-04','Monday','Item B',500000.0000,'C00081','Denis Ross','denis.ross@gmail.com','+62 868-0544-08073','S008'),(82,'2023-06-04','Monday','Item B',500000.0000,'C00082','Melanie Hale','melanie.hale@gmail.com','+62 868-943-408','S004'),(83,'2023-06-04','Monday','Item B',500000.0000,'C00083','Kate Newton','kate.newto@gmail.com','+62 892-684-865','S007'),(84,'2023-06-04','Monday','Item B',500000.0000,'C00084','Erica Uttley','erica.uttley@gmail.com','+62 899-8359-29273','S004'),(85,'2023-06-04','Monday','Item B',500000.0000,'C00085','Clint Fisher','clint.fisher@gmail.com','+62 891-3301-8653','S006'),(86,'2023-06-04','Monday','Item B',500000.0000,'C00086','Mackenzie Ward','mackenzie.ward@gmail.com','+62 875-5166-249','S010'),(87,'2023-06-04','Monday','Item A',200000.0000,'C00087','Nate Allen','nate.allen@gmail.com','+62 867-3833-215','S003'),(88,'2023-06-04','Monday','Item A',200000.0000,'C00088','Maxwell Palmer','maxwell.palmer@gmail.com','+62 890-666-341','S004'),(89,'2023-06-04','Monday','Item A',200000.0000,'C00089','Alison Squire','alison.squire@gmail.com','+62 867-226-005','S003'),(90,'2023-06-04','Monday','Item A',200000.0000,'C00090','Leslie Graves','leslie.graves@gmail.com','+62 882-8209-102','S001'),(91,'2023-06-04','Monday','Item A',200000.0000,'C00091','Emma Whitmore','emma.whitm@gmail.com','+62 892-339-422','S003'),(92,'2023-06-04','Monday','Item A',200000.0000,'C00092','Leilani Noon','leilani.noon@gmail.com','+62 869-203-732','S006'),(93,'2023-06-04','Monday','Item A',200000.0000,'C00093','Anais Hope','anais.hope@gmail.com','+62 837-0549-25327','S003'),(94,'2023-06-04','Monday','Item A',200000.0000,'C00094','Alma Ebden','alma.ebden@gmail.com','+62 838-4231-84653','S001'),(95,'2023-06-04','Monday','Item A',200000.0000,'C00095','Melinda Lewis','melinda.lewis@gmail.com','+62 858-8101-980','S010'),(96,'2023-06-04','Monday','Item A',200000.0000,'C00096','Esmeralda Tennant','esmeralda.tennant@gmail.com','+62 822-1513-658','S003'),(97,'2023-06-04','Monday','Item A',200000.0000,'C00097','Karen Cattell','karen.cattel@gmail.com','+62 839-387-264','S007'),(98,'2023-06-04','Monday','Item A',200000.0000,'C00098','William Exton','william.exton@gmail.com','+62 869-2628-477','S002'),(99,'2023-06-04','Monday','Item A',200000.0000,'C00099','Julia Wade','julia.wade@gmail.com','+62 854-8376-38818','S002'),(100,'2023-06-04','Monday','Item A',200000.0000,'C00100','Gabriel Jenkin','gabriel.jenkin@gmail.com','+62 872-9004-51898','S004'),(101,'2023-06-04','Monday','Item A',200000.0000,'C00101','Erick Townend','erick.townen@gmail.com','+62 813-8112-4280','S009'),(102,'2023-06-05','Tuesday','Item A',200000.0000,'C00102','Domenic James','domenic.james@gmail.com','+62 861-9628-595','S004'),(103,'2023-06-05','Tuesday','Item A',200000.0000,'C00103','Johnny Hopkins','johnny.hopkins@gmail.com','+62 834-0395-5752','S007'),(104,'2023-06-05','Tuesday','Item A',200000.0000,'C00104','Josh Darcy','josh.darcy@gmail.com','+62 889-4415-65384','S001'),(105,'2023-06-05','Tuesday','Item A',200000.0000,'C00105','Sebastian Oakley','sebastian.oakley@gmail.com','+62 875-9230-6178','S002'),(106,'2023-06-05','Tuesday','Item A',200000.0000,'C00106','Goldie Saunders','goldie.saunder@gmail.com','+62 878-0392-917','S010'),(107,'2023-06-05','Tuesday','Item A',200000.0000,'C00107','Noah Dwyer','noah.dwyer@gmail.com','+62 873-8415-29896','S009'),(108,'2023-06-05','Tuesday','Item A',200000.0000,'C00108','Clint Sloan','clint.sloan@gmail.com','+62 864-278-442','S010'),(109,'2023-06-05','Tuesday','Item A',200000.0000,'C00109','Remy Whinter','remy.whint@gmail.com','+62 821-2451-284','S010'),(110,'2023-06-05','Tuesday','Item A',200000.0000,'C00110','Jackeline Parsons','jackeline.parsons@gmail.com','+62 899-3036-67477','S010'),(111,'2023-06-05','Tuesday','Item A',200000.0000,'C00111','Naomi Miller','naomi.miller@gmail.com','+62 873-4704-50411','S003'),(112,'2023-06-05','Tuesday','Item A',200000.0000,'C00112','Goldie Shields','goldie.shields@gmail.com','+62 839-9820-98452','S008'),(113,'2023-06-05','Tuesday','Item B',500000.0000,'C00113','Doug Bradshaw','doug.brads@gmail.com','+62 881-6052-81412','S007'),(114,'2023-06-05','Tuesday','Item B',500000.0000,'C00114','Remy Vangness','remy.vangn@gmail.com','+62 878-4052-5970','S004'),(115,'2023-06-05','Tuesday','Item B',500000.0000,'C00115','Fred Whatson','fred.whats@gmail.com','+62 883-1492-9241','S010'),(116,'2023-06-05','Tuesday','Item B',500000.0000,'C00116','Kurt Moss','kurt.moss@gmail.com','+62 834-0142-1724','S004'),(117,'2023-06-05','Tuesday','Item B',500000.0000,'C00117','Aiden Allwood','aiden.allwoo@gmail.com','+62 835-186-677','S002'),(118,'2023-06-05','Tuesday','Item B',500000.0000,'C00118','Oliver Salt','oliver.salt@gmail.com','+62 868-3196-793','S010'),(119,'2023-06-05','Tuesday','Item B',500000.0000,'C00119','Marla Broomfield','marla.broomf@gmail.com','+62 837-1910-990','S003'),(120,'2023-06-05','Tuesday','Item B',500000.0000,'C00120','Josh Wills','josh.wills@gmail.com','+62 818-5093-22399','S010'),(121,'2023-06-05','Tuesday','Item B',500000.0000,'C00121','Michaela Hunt','michaela.hunt@gmail.com','+62 892-3653-1581','S004'),(122,'2023-06-05','Tuesday','Item B',500000.0000,'C00122','Beatrice Isaac','beatrice.isaac@gmail.com','+62 882-8671-41149','S003'),(123,'2023-06-05','Tuesday','Item B',500000.0000,'C00123','Carolyn Goodman','carolyn.goodman@gmail.com','+62 899-4742-42970','S005'),(124,'2023-06-05','Tuesday','Item B',500000.0000,'C00124','Brooklyn Rees','brooklyn.rees@gmail.com','+62 890-8773-8533','S009'),(125,'2023-06-05','Tuesday','Item B',500000.0000,'C00125','Julianna Thorpe','julianna.thorpe@gmail.com','+62 897-766-921','S010'),(126,'2023-06-05','Tuesday','Item B',500000.0000,'C00126','Emely Saunders','emely.saunde@gmail.com','+62 837-5925-712','S010'),(127,'2023-06-05','Tuesday','Item B',500000.0000,'C00127','Alexa Eaton','alexa.eaton@gmail.com','+62 885-441-348','S003'),(128,'2023-06-05','Tuesday','Item B',500000.0000,'C00128','Leroy Callan','leroy.callan@gmail.com','+62 891-6130-712','S008'),(129,'2023-06-05','Tuesday','Item B',500000.0000,'C00129','Hank Baker','hank.baker@gmail.com','+62 875-3383-79324','S002'),(130,'2023-06-05','Tuesday','Item B',500000.0000,'C00130','Martin Lucas','martin.lucas@gmail.com','+62 862-885-101','S010'),(131,'2023-06-05','Tuesday','Item B',500000.0000,'C00131','Russel Walsh','russel.walsh@gmail.com','+62 882-2516-29658','S006'),(132,'2023-06-05','Tuesday','Item B',500000.0000,'C00132','Domenic Owen','domenic.owen@gmail.com','+62 830-5221-75895','S010'),(133,'2023-06-05','Tuesday','Item B',500000.0000,'C00133','Nathan Thomas','nathan.thomas@gmail.com','+62 863-4894-925','S008'),(134,'2023-06-05','Tuesday','Item A',200000.0000,'C00134','Alex Varley','alex.varle@gmail.com','+62 811-6693-116','S008'),(135,'2023-06-05','Tuesday','Item A',200000.0000,'C00135','Maxwell Morris','maxwell.morris@gmail.com','+62 880-127-496','S007'),(136,'2023-06-05','Tuesday','Item A',200000.0000,'C00136','Rosie Farrow','rosie.farrow@gmail.com','+62 878-5436-91995','S010'),(137,'2023-06-05','Tuesday','Item A',200000.0000,'C00137','Savannah Janes','savannah.janes@gmail.com','+62 823-1168-04799','S009'),(138,'2023-06-05','Tuesday','Item A',200000.0000,'C00138','Benny Lakey','benny.lakey@gmail.com','+62 898-1117-2746','S003'),(139,'2023-06-05','Tuesday','Item A',200000.0000,'C00139','Julius Grey','julius.grey@gmail.com','+62 870-154-087','S004'),(140,'2023-06-05','Tuesday','Item A',200000.0000,'C00140','Adelaide Moreno','adelaide.moreno@gmail.com','+62 884-704-486','S005'),(141,'2023-06-05','Tuesday','Item A',200000.0000,'C00141','John Long','john.long@gmail.com','+62 814-8772-2200','S004'),(142,'2023-06-05','Tuesday','Item A',200000.0000,'C00142','Roger Rosenbloom','roger.rosenb@gmail.com','+62 850-416-341','S004'),(143,'2023-06-05','Tuesday','Item A',200000.0000,'C00143','Erick Sherry','erick.sherry@gmail.com','+62 898-5825-55680','S007'),(144,'2023-06-05','Tuesday','Item A',200000.0000,'C00144','Cara Carter','cara.carte@gmail.com','+62 834-782-122','S004'),(145,'2023-06-05','Tuesday','Item A',200000.0000,'C00145','Hadley Clayton','hadley.clayton@gmail.com','+62 864-815-094','S009'),(146,'2023-06-05','Tuesday','Item A',200000.0000,'C00146','Lily Barrett','lily.barre@gmail.com','+62 828-7886-4525','S002'),(147,'2023-06-05','Tuesday','Item A',200000.0000,'C00147','Naomi Richards','naomi.richar@gmail.com','+62 884-1997-75828','S008'),(148,'2023-06-05','Tuesday','Item A',200000.0000,'C00148','Trisha Briggs','trisha.briggs@gmail.com','+62 851-5271-43291','S009'),(149,'2023-06-05','Tuesday','Item A',200000.0000,'C00149','Zara Webster','zara.webst@gmail.com','+62 833-4623-09294','S009'),(150,'2023-06-05','Tuesday','Item A',200000.0000,'C00150','Benjamin Flack','benjamin.flack@gmail.com','+62 858-2202-5341','S004'),(151,'2023-06-06','Wednesday','Item A',200000.0000,'C00151','Chuck Saunders','chuck.saunde@gmail.com','+62 869-3739-0587','S002'),(152,'2023-06-06','Wednesday','Item B',500000.0000,'C00152','Erica Poole','erica.poole@gmail.com','+62 877-5026-610','S006'),(153,'2023-06-06','Wednesday','Item B',500000.0000,'C00153','Ada Andrews','ada.andr@gmail.com','+62 872-330-464','S004'),(154,'2023-06-06','Wednesday','Item B',500000.0000,'C00154','Stella Bowen','stella.bowen@gmail.com','+62 889-7275-93328','S006'),(155,'2023-06-06','Wednesday','Item B',500000.0000,'C00155','Enoch Ellery','enoch.ellery@gmail.com','+62 810-277-117','S004'),(156,'2023-06-06','Wednesday','Item B',500000.0000,'C00156','Norah Nayler','norah.nayler@gmail.com','+62 886-3329-81580','S004'),(157,'2023-06-06','Wednesday','Item B',500000.0000,'C00157','Doug Bryson','doug.bryso@gmail.com','+62 855-507-738','S005'),(158,'2023-06-06','Wednesday','Item B',500000.0000,'C00158','Danny Cassidy','danny.cassid@gmail.com','+62 810-7113-53461','S004'),(159,'2023-06-06','Wednesday','Item B',500000.0000,'C00159','Nicole Neal','nicole.neal@gmail.com','+62 891-2731-180','S010'),(160,'2023-06-06','Wednesday','Item B',500000.0000,'C00160','Maddison Glass','maddison.glass@gmail.com','+62 876-903-041','S004'),(161,'2023-06-06','Wednesday','Item B',500000.0000,'C00161','Joseph Patel','joseph.patel@gmail.com','+62 852-298-456','S003'),(162,'2023-06-06','Wednesday','Item B',500000.0000,'C00162','Bart Gordon','bart.gordo@gmail.com','+62 867-8984-699','S008'),(163,'2023-06-06','Wednesday','Item B',500000.0000,'C00163','Julia Duvall','julia.duvall@gmail.com','+62 879-093-279','S004'),(164,'2023-06-06','Wednesday','Item B',500000.0000,'C00164','Enoch Chapman','enoch.chapma@gmail.com','+62 839-3374-5848','S004'),(165,'2023-06-06','Wednesday','Item B',500000.0000,'C00165','Jayden Groves','jayden.groves@gmail.com','+62 861-7627-9933','S006'),(166,'2023-06-06','Wednesday','Item B',500000.0000,'C00166','Eden Clifford','eden.cliff@gmail.com','+62 856-2305-395','S009'),(167,'2023-06-06','Wednesday','Item B',500000.0000,'C00167','Enoch Harris','enoch.harris@gmail.com','+62 894-8419-24969','S003'),(168,'2023-06-06','Wednesday','Item B',500000.0000,'C00168','Jane Campbell','jane.campb@gmail.com','+62 896-5364-13611','S010'),(169,'2023-06-06','Wednesday','Item B',500000.0000,'C00169','Bree Stanley','bree.stanl@gmail.com','+62 836-9539-9107','S010'),(170,'2023-06-06','Wednesday','Item B',500000.0000,'C00170','Makena Mitchell','makena.mitchel@gmail.com','+62 817-3465-46843','S010'),(171,'2023-06-06','Wednesday','Item B',500000.0000,'C00171','Alessandra Lane','alessandra.lane@gmail.com','+62 887-8557-353','S003'),(172,'2023-06-06','Wednesday','Item B',500000.0000,'C00172','Ron Janes','ron.jane@gmail.com','+62 890-9788-81961','S006'),(173,'2023-06-06','Wednesday','Item B',500000.0000,'C00173','Ramon Ventura','ramon.ventur@gmail.com','+62 876-5608-3129','S002'),(174,'2023-06-06','Wednesday','Item B',500000.0000,'C00174','Renee Tate','renee.tate@gmail.com','+62 887-4990-917','S001'),(175,'2023-06-06','Wednesday','Item B',500000.0000,'C00175','Caleb Shepherd','caleb.shephe@gmail.com','+62 823-647-829','S009'),(176,'2023-06-06','Wednesday','Item B',500000.0000,'C00176','Naomi Vaughn','naomi.vaughn@gmail.com','+62 851-145-466','S004'),(177,'2023-06-06','Wednesday','Item B',500000.0000,'C00177','Manuel Uddin','manuel.uddin@gmail.com','+62 851-557-329','S003'),(178,'2023-06-06','Wednesday','Item B',500000.0000,'C00178','Tyson Lee','tyson.lee@gmail.com','+62 896-872-867','S007'),(179,'2023-06-06','Wednesday','Item B',500000.0000,'C00179','Cristal Morley','cristal.morley@gmail.com','+62 818-0830-906','S001'),(180,'2023-06-06','Wednesday','Item B',500000.0000,'C00180','Kate Uddin','kate.uddin@gmail.com','+62 834-8586-157','S008'),(181,'2023-06-06','Wednesday','Item A',200000.0000,'C00181','Tyler Rothwell','tyler.rothwe@gmail.com','+62 857-9726-5931','S001'),(182,'2023-06-06','Wednesday','Item A',200000.0000,'C00182','Chadwick Moore','chadwick.moore@gmail.com','+62 861-016-185','S010'),(183,'2023-06-06','Wednesday','Item A',200000.0000,'C00183','Catherine Collingwood','catherine.collingwoo@gmail.com','+62 874-413-448','S009'),(184,'2023-06-06','Wednesday','Item A',200000.0000,'C00184','John Sylvester','john.sylve@gmail.com','+62 811-5977-88811','S005'),(185,'2023-06-06','Wednesday','Item A',200000.0000,'C00185','Bryon Thomson','bryon.thomso@gmail.com','+62 855-3763-1734','S009'),(186,'2023-06-06','Wednesday','Item A',200000.0000,'C00186','Rufus Khan','rufus.khan@gmail.com','+62 896-514-862','S008'),(187,'2023-06-06','Wednesday','Item A',200000.0000,'C00187','Tyson Nielson','tyson.nielso@gmail.com','+62 880-8664-882','S004'),(188,'2023-06-06','Wednesday','Item A',200000.0000,'C00188','Mara Glynn','mara.glynn@gmail.com','+62 811-388-873','S008'),(189,'2023-06-06','Wednesday','Item A',200000.0000,'C00189','Liliana Oldfield','liliana.oldfield@gmail.com','+62 898-6938-131','S003'),(190,'2023-06-06','Wednesday','Item A',200000.0000,'C00190','Evie Willis','evie.willi@gmail.com','+62 874-0611-0749','S002'),(191,'2023-06-06','Wednesday','Item A',200000.0000,'C00191','Matt Gaynor','matt.gayno@gmail.com','+62 811-5410-26437','S004'),(192,'2023-06-06','Wednesday','Item A',200000.0000,'C00192','Molly Isaac','molly.isaac@gmail.com','+62 888-3341-859','S003'),(193,'2023-06-06','Wednesday','Item A',200000.0000,'C00193','Jane Bishop','jane.bisho@gmail.com','+62 889-461-495','S007'),(194,'2023-06-06','Wednesday','Item A',200000.0000,'C00194','Anthony Moreno','anthony.moreno@gmail.com','+62 852-823-363','S002'),(195,'2023-06-06','Wednesday','Item A',200000.0000,'C00195','Angela Swift','angela.swift@gmail.com','+62 881-2670-37149','S007'),(196,'2023-06-06','Wednesday','Item A',200000.0000,'C00196','David Bright','david.bright@gmail.com','+62 899-2787-59243','S009'),(197,'2023-06-06','Wednesday','Item A',200000.0000,'C00197','Manuel Sinclair','manuel.sinclai@gmail.com','+62 818-1237-71384','S007'),(198,'2023-06-07','Thursday','Item A',200000.0000,'C00198','Greta Benfield','greta.benfie@gmail.com','+62 832-8701-79421','S006'),(199,'2023-06-07','Thursday','Item A',200000.0000,'C00199','Martin Bullock','martin.bullock@gmail.com','+62 810-8058-39925','S009'),(200,'2023-06-07','Thursday','Item A',200000.0000,'C00200','Josh Edler','josh.edler@gmail.com','+62 897-7675-068','S004'),(201,'2023-06-07','Thursday','Item A',200000.0000,'C00201','Emma Vince','emma.vince@gmail.com','+62 891-515-897','S002'),(202,'2023-06-07','Thursday','Item A',200000.0000,'C00202','Hannah Speed','hannah.speed@gmail.com','+62 831-0829-423','S008'),(203,'2023-06-07','Thursday','Item A',200000.0000,'C00203','Bristol Everett','bristol.everett@gmail.com','+62 884-7138-478','S004'),(204,'2023-06-07','Thursday','Item A',200000.0000,'C00204','Liliana Thornton','liliana.thornton@gmail.com','+62 877-1951-035','S009'),(205,'2023-06-07','Thursday','Item A',200000.0000,'C00205','Leroy Adams','leroy.adams@gmail.com','+62 854-7110-21252','S006'),(206,'2023-06-07','Thursday','Item A',200000.0000,'C00206','Anthony Roscoe','anthony.roscoe@gmail.com','+62 852-775-577','S009'),(207,'2023-06-07','Thursday','Item A',200000.0000,'C00207','Ethan Mcleod','ethan.mcleod@gmail.com','+62 852-881-684','S008'),(208,'2023-06-07','Thursday','Item A',200000.0000,'C00208','Percy Shepherd','percy.shephe@gmail.com','+62 855-4204-469','S005'),(209,'2023-06-07','Thursday','Item A',200000.0000,'C00209','Moira Marshall','moira.marsha@gmail.com','+62 838-6668-3494','S009'),(210,'2023-06-07','Thursday','Item A',200000.0000,'C00210','Camellia Glynn','camellia.glynn@gmail.com','+62 856-5912-62482','S008'),(211,'2023-06-07','Thursday','Item A',200000.0000,'C00211','Lucas Niles','lucas.niles@gmail.com','+62 832-5484-939','S004'),(212,'2023-06-07','Thursday','Item A',200000.0000,'C00212','Julius Giles','julius.giles@gmail.com','+62 858-8936-733','S001'),(213,'2023-06-07','Thursday','Item A',200000.0000,'C00213','Ethan Potts','ethan.potts@gmail.com','+62 859-692-979','S004'),(214,'2023-06-08','Friday','Item A',200000.0000,'C00214','Ciara King','ciara.king@gmail.com','+62 860-1791-84202','S006'),(215,'2023-06-08','Friday','Item B',500000.0000,'C00215','Estrella Morris','estrella.morris@gmail.com','+62 819-3783-3002','S006'),(216,'2023-06-08','Friday','Item B',500000.0000,'C00216','Samara Norburn','samara.norburn@gmail.com','+62 877-443-489','S008'),(217,'2023-06-08','Friday','Item B',500000.0000,'C00217','Thea Tate','thea.tate@gmail.com','+62 823-0968-656','S008'),(218,'2023-06-08','Friday','Item B',500000.0000,'C00218','Celina Rust','celina.rust@gmail.com','+62 869-7470-88861','S001'),(219,'2023-06-08','Friday','Item B',500000.0000,'C00219','Valerie Boden','valerie.boden@gmail.com','+62 887-5497-13983','S003'),(220,'2023-06-08','Friday','Item B',500000.0000,'C00220','Anne Veale','anne.veale@gmail.com','+62 837-1293-721','S001'),(221,'2023-06-08','Friday','Item B',500000.0000,'C00221','Andrea Ripley','andrea.ripley@gmail.com','+62 832-604-713','S009'),(222,'2023-06-11','Monday','Item B',500000.0000,'C00222','Hanna Lynch','hanna.lynch@gmail.com','+62 834-4766-95161','S001'),(223,'2023-06-11','Monday','Item B',500000.0000,'C00223','Tom Spencer','tom.spen@gmail.com','+62 860-1300-852','S002'),(224,'2023-06-11','Monday','Item B',500000.0000,'C00224','Cassidy Andersson','cassidy.andersso@gmail.com','+62 879-7396-639','S004'),(225,'2023-06-11','Monday','Item B',500000.0000,'C00225','Mark Zaoui','mark.zaoui@gmail.com','+62 838-287-989','S006'),(226,'2023-06-11','Monday','Item B',500000.0000,'C00226','Tyson Appleton','tyson.applet@gmail.com','+62 826-5252-17863','S001'),(227,'2023-06-11','Monday','Item B',500000.0000,'C00227','Nate Cox','nate.cox@gmail.com','+62 871-4986-543','S010'),(228,'2023-06-11','Monday','Item B',500000.0000,'C00228','Boris Giles','boris.giles@gmail.com','+62 894-2373-1031','S010'),(229,'2023-06-11','Monday','Item B',500000.0000,'C00229','Alan Weasley','alan.weasl@gmail.com','+62 896-6012-027','S006'),(230,'2023-06-11','Monday','Item B',500000.0000,'C00230','Enoch Woods','enoch.woods@gmail.com','+62 819-792-943','S005'),(231,'2023-06-11','Monday','Item A',200000.0000,'C00231','Abbey Niles','abbey.niles@gmail.com','+62 868-9231-30284','S008'),(232,'2023-06-11','Monday','Item A',200000.0000,'C00232','Alan Cooper','alan.coope@gmail.com','+62 875-9909-42647','S008'),(233,'2023-06-11','Monday','Item A',200000.0000,'C00233','Violet Bell','violet.bell@gmail.com','+62 861-475-953','S005'),(234,'2023-06-11','Monday','Item A',200000.0000,'C00234','Mason Hogg','mason.hogg@gmail.com','+62 836-5752-244','S003'),(235,'2023-06-11','Monday','Item A',200000.0000,'C00235','Chester Groves','chester.groves@gmail.com','+62 888-4386-2610','S006'),(236,'2023-06-11','Monday','Item A',200000.0000,'C00236','Rosa Gilbert','rosa.gilbe@gmail.com','+62 818-903-034','S007'),(237,'2023-06-11','Monday','Item A',200000.0000,'C00237','Ronald Plumb','ronald.plumb@gmail.com','+62 854-5560-44574','S002'),(238,'2023-06-11','Monday','Item A',200000.0000,'C00238','Emerald Stevenson','emerald.stevenso@gmail.com','+62 891-7629-104','S006'),(239,'2023-06-11','Monday','Item A',200000.0000,'C00239','Benny Mcgee','benny.mcgee@gmail.com','+62 888-701-007','S004'),(240,'2023-06-11','Monday','Item A',200000.0000,'C00240','Luke Gardner','luke.gardn@gmail.com','+62 896-495-858','S001'),(241,'2023-06-11','Monday','Item A',200000.0000,'C00241','Naomi Moss','naomi.moss@gmail.com','+62 837-2415-03991','S002'),(242,'2023-06-11','Monday','Item A',200000.0000,'C00242','Elise Simmons','elise.simmon@gmail.com','+62 866-1870-713','S010'),(243,'2023-06-11','Monday','Item A',200000.0000,'C00243','Chad Crawley','chad.crawl@gmail.com','+62 833-9822-71441','S001'),(244,'2023-06-11','Monday','Item A',200000.0000,'C00244','Margaret Warden','margaret.warden@gmail.com','+62 837-316-568','S007'),(245,'2023-06-11','Monday','Item A',200000.0000,'C00245','Alice Lloyd','alice.lloyd@gmail.com','+62 824-9269-834','S007'),(246,'2023-06-11','Monday','Item A',200000.0000,'C00246','Cherish Sherwood','cherish.sherwood@gmail.com','+62 811-0325-335','S008'),(247,'2023-06-11','Monday','Item A',200000.0000,'C00247','Fred Rogers','fred.roger@gmail.com','+62 825-9546-7116','S007'),(248,'2023-06-11','Monday','Item A',200000.0000,'C00248','Owen Sanchez','owen.sanch@gmail.com','+62 872-8882-042','S002'),(249,'2023-06-12','Tuesday','Item A',200000.0000,'C00249','Taylor Hobson','taylor.hobson@gmail.com','+62 827-121-204','S009'),(250,'2023-06-12','Tuesday','Item A',200000.0000,'C00250','Sonya Kidd','sonya.kidd@gmail.com','+62 818-979-386','S001'),(251,'2023-06-12','Tuesday','Item A',200000.0000,'C00251','Matt Faulkner','matt.faulk@gmail.com','+62 836-7314-36742','S001'),(252,'2023-06-12','Tuesday','Item A',200000.0000,'C00252','David Hancock','david.hancoc@gmail.com','+62 832-6860-847','S009'),(253,'2023-06-12','Tuesday','Item B',500000.0000,'C00253','Jack Chadwick','jack.chadw@gmail.com','+62 887-9286-865','S008'),(254,'2023-06-12','Tuesday','Item B',500000.0000,'C00254','Percy Buckley','percy.buckle@gmail.com','+62 890-0693-93482','S008'),(255,'2023-06-12','Tuesday','Item B',500000.0000,'C00255','Percy Dillon','percy.dillon@gmail.com','+62 895-855-503','S008'),(256,'2023-06-12','Tuesday','Item B',500000.0000,'C00256','Barney Hamilton','barney.hamilto@gmail.com','+62 821-8233-040','S006'),(257,'2023-06-12','Tuesday','Item B',500000.0000,'C00257','Noah Vaughan','noah.vaugh@gmail.com','+62 874-5823-886','S004'),(258,'2023-06-12','Tuesday','Item B',500000.0000,'C00258','Claire Heaton','claire.heaton@gmail.com','+62 819-9642-4604','S007'),(259,'2023-06-12','Tuesday','Item B',500000.0000,'C00259','Erick Mcneill','erick.mcneil@gmail.com','+62 895-096-172','S001'),(260,'2023-06-12','Tuesday','Item B',500000.0000,'C00260','Greta Mitchell','greta.mitche@gmail.com','+62 869-9554-65090','S001'),(261,'2023-06-12','Tuesday','Item B',500000.0000,'C00261','Faith Ross','faith.ross@gmail.com','+62 881-7219-49408','S001'),(262,'2023-06-12','Tuesday','Item B',500000.0000,'C00262','Percy Hardwick','percy.hardwi@gmail.com','+62 813-716-316','S008'),(263,'2023-06-12','Tuesday','Item B',500000.0000,'C00263','Nick Flack','nick.flack@gmail.com','+62 859-4771-983','S005'),(264,'2023-06-12','Tuesday','Item B',500000.0000,'C00264','Liam Moreno','liam.moren@gmail.com','+62 855-6982-75472','S004'),(265,'2023-06-12','Tuesday','Item B',500000.0000,'C00265','Eryn Collis','eryn.colli@gmail.com','+62 824-142-062','S003'),(266,'2023-06-12','Tuesday','Item B',500000.0000,'C00266','Wade York','wade.york@gmail.com','+62 894-8381-284','S006'),(267,'2023-06-12','Tuesday','Item B',500000.0000,'C00267','Marigold Norris','marigold.norris@gmail.com','+62 898-6854-73998','S005'),(268,'2023-06-12','Tuesday','Item B',500000.0000,'C00268','Gemma Ventura','gemma.ventur@gmail.com','+62 895-3797-1258','S004'),(269,'2023-06-12','Tuesday','Item B',500000.0000,'C00269','Barney Walton','barney.walton@gmail.com','+62 875-134-722','S003'),(270,'2023-06-12','Tuesday','Item B',500000.0000,'C00270','Wade Waterson','wade.water@gmail.com','+62 837-3947-73367','S005'),(271,'2023-06-12','Tuesday','Item B',500000.0000,'C00271','Logan Vinton','logan.vinton@gmail.com','+62 888-2766-3361','S010'),(272,'2023-06-12','Tuesday','Item B',500000.0000,'C00272','Vivian Marshall','vivian.marshal@gmail.com','+62 885-8381-327','S002'),(273,'2023-06-12','Tuesday','Item B',500000.0000,'C00273','Adeline Preston','adeline.preston@gmail.com','+62 886-1824-0790','S009'),(274,'2023-06-12','Tuesday','Item B',500000.0000,'C00274','Joyce Hogg','joyce.hogg@gmail.com','+62 890-431-823','S001'),(275,'2023-06-12','Tuesday','Item B',500000.0000,'C00275','Leroy Selby','leroy.selby@gmail.com','+62 889-0469-9235','S010'),(276,'2023-06-12','Tuesday','Item B',500000.0000,'C00276','Daron Wilkinson','daron.wilkin@gmail.com','+62 838-310-048','S006'),(277,'2023-06-12','Tuesday','Item B',500000.0000,'C00277','Elly Smith','elly.smith@gmail.com','+62 896-0960-4716','S010'),(278,'2023-06-12','Tuesday','Item A',200000.0000,'C00278','Elle Bayliss','elle.bayli@gmail.com','+62 889-2839-9342','S008'),(279,'2023-06-12','Tuesday','Item A',200000.0000,'C00279','Candice Clarke','candice.clarke@gmail.com','+62 898-0888-026','S004'),(280,'2023-06-12','Tuesday','Item A',200000.0000,'C00280','Tom Davies','tom.davi@gmail.com','+62 890-1869-605','S001'),(281,'2023-06-13','Wednesday','Item A',200000.0000,'C00281','Taylor King','taylor.king@gmail.com','+62 882-1695-4501','S010'),(282,'2023-06-13','Wednesday','Item A',200000.0000,'C00282','Chester Shaw','chester.shaw@gmail.com','+62 815-1396-340','S005'),(283,'2023-06-13','Wednesday','Item A',200000.0000,'C00283','Jolene Clark','jolene.clark@gmail.com','+62 877-833-243','S002'),(284,'2023-06-13','Wednesday','Item A',200000.0000,'C00284','Daniel Thomas','daniel.thomas@gmail.com','+62 899-3004-12243','S009'),(285,'2023-06-13','Wednesday','Item A',200000.0000,'C00285','Regina Mcleod','regina.mcleod@gmail.com','+62 872-621-719','S006'),(286,'2023-06-13','Wednesday','Item A',200000.0000,'C00286','Jayden Lane','jayden.lane@gmail.com','+62 899-239-620','S008'),(287,'2023-06-13','Wednesday','Item A',200000.0000,'C00287','Oliver Raven','oliver.raven@gmail.com','+62 876-1435-341','S006'),(288,'2023-06-13','Wednesday','Item A',200000.0000,'C00288','Wade Carter','wade.carte@gmail.com','+62 824-3030-1308','S001'),(289,'2023-06-13','Wednesday','Item A',200000.0000,'C00289','Alexander Cork','alexander.cork@gmail.com','+62 827-1135-88876','S009'),(290,'2023-06-13','Wednesday','Item A',200000.0000,'C00290','Eve Lloyd','eve.lloy@gmail.com','+62 839-9524-643','S004'),(291,'2023-06-13','Wednesday','Item A',200000.0000,'C00291','Sofia Smith','sofia.smith@gmail.com','+62 887-507-534','S007'),(292,'2023-06-13','Wednesday','Item A',200000.0000,'C00292','Anthony Cooper','anthony.cooper@gmail.com','+62 879-362-604','S006'),(293,'2023-06-13','Wednesday','Item A',200000.0000,'C00293','Nicholas Matthews','nicholas.matthews@gmail.com','+62 829-5391-983','S001'),(294,'2023-06-13','Wednesday','Item A',200000.0000,'C00294','Sofie Stark','sofie.stark@gmail.com','+62 831-0617-9724','S002'),(295,'2023-06-13','Wednesday','Item A',200000.0000,'C00295','Hailey Willson','hailey.willson@gmail.com','+62 883-167-237','S009'),(296,'2023-06-13','Wednesday','Item A',200000.0000,'C00296','Judith Stone','judith.stone@gmail.com','+62 878-6611-3787','S004'),(297,'2023-06-13','Wednesday','Item A',200000.0000,'C00297','Chad Mason','chad.mason@gmail.com','+62 830-2449-9527','S010'),(298,'2023-06-13','Wednesday','Item A',200000.0000,'C00298','Juliet Pearce','juliet.pearce@gmail.com','+62 896-8951-21902','S010'),(299,'2023-06-13','Wednesday','Item A',200000.0000,'C00299','Carla Grey','carla.grey@gmail.com','+62 876-2022-114','S007'),(300,'2023-06-13','Wednesday','Item A',200000.0000,'C00300','Rosemary Bryant','rosemary.bryant@gmail.com','+62 812-2278-64574','S004'),(301,'2023-06-13','Wednesday','Item A',200000.0000,'C00301','Marigold Tutton','marigold.tutton@gmail.com','+62 896-0254-42914','S003'),(302,'2023-06-13','Wednesday','Item A',200000.0000,'C00302','Ramon May','ramon.may@gmail.com','+62 853-9968-389','S005'),(303,'2023-06-13','Wednesday','Item A',200000.0000,'C00303','Kimberly Selby','kimberly.selby@gmail.com','+62 852-265-871','S003'),(304,'2023-06-13','Wednesday','Item A',200000.0000,'C00304','Henry Shepherd','henry.shephe@gmail.com','+62 893-7256-38768','S004'),(305,'2023-06-13','Wednesday','Item A',200000.0000,'C00305','Mike Nicolas','mike.nicol@gmail.com','+62 875-9595-36029','S004'),(306,'2023-06-13','Wednesday','Item A',200000.0000,'C00306','Jayden Bishop','jayden.bishop@gmail.com','+62 832-8773-3344','S010'),(307,'2023-06-13','Wednesday','Item A',200000.0000,'C00307','Makenzie Dempsey','makenzie.dempsey@gmail.com','+62 859-3181-8847','S003'),(308,'2023-06-13','Wednesday','Item A',200000.0000,'C00308','Adeline Gilmore','adeline.gilmore@gmail.com','+62 832-0411-91988','S009'),(309,'2023-06-13','Wednesday','Item A',200000.0000,'C00309','Liliana Robinson','liliana.robinson@gmail.com','+62 899-2043-6450','S002'),(310,'2023-06-13','Wednesday','Item A',200000.0000,'C00310','Sebastian Knight','sebastian.knight@gmail.com','+62 825-533-695','S002'),(311,'2023-06-13','Wednesday','Item A',200000.0000,'C00311','Margot London','margot.london@gmail.com','+62 821-7995-9733','S010'),(312,'2023-06-13','Wednesday','Item A',200000.0000,'C00312','Willow Russell','willow.russell@gmail.com','+62 863-587-691','S007'),(313,'2023-06-13','Wednesday','Item A',200000.0000,'C00313','Taylor Vallory','taylor.vallory@gmail.com','+62 889-937-871','S004'),(314,'2023-06-13','Wednesday','Item A',200000.0000,'C00314','Alan Patel','alan.patel@gmail.com','+62 829-323-656','S005'),(315,'2023-06-13','Wednesday','Item A',200000.0000,'C00315','Lana Stewart','lana.stewa@gmail.com','+62 867-6624-49018','S009'),(316,'2023-06-13','Wednesday','Item A',200000.0000,'C00316','Ryan Smith','ryan.smith@gmail.com','+62 857-3316-6861','S007'),(317,'2023-06-13','Wednesday','Item A',200000.0000,'C00317','Daniel Fulton','daniel.fulton@gmail.com','+62 854-1137-655','S001'),(318,'2023-06-13','Wednesday','Item A',200000.0000,'C00318','Aiden Ryan','aiden.ryan@gmail.com','+62 895-2399-95788','S007'),(319,'2023-06-13','Wednesday','Item A',200000.0000,'C00319','Hank Roberts','hank.rober@gmail.com','+62 817-0252-497','S004'),(320,'2023-06-13','Wednesday','Item A',200000.0000,'C00320','Darlene Williams','darlene.williams@gmail.com','+62 824-771-691','S006'),(321,'2023-06-13','Wednesday','Item A',200000.0000,'C00321','Alan Griffiths','alan.griff@gmail.com','+62 882-8873-56457','S008'),(322,'2023-06-13','Wednesday','Item A',200000.0000,'C00322','Mason Crawley','mason.crawle@gmail.com','+62 886-6825-212','S008'),(323,'2023-06-13','Wednesday','Item A',200000.0000,'C00323','Leilani Gunn','leilani.gunn@gmail.com','+62 855-517-160','S008'),(324,'2023-06-13','Wednesday','Item A',200000.0000,'C00324','Vera John','vera.john@gmail.com','+62 820-5828-71296','S007'),(325,'2023-06-13','Wednesday','Item A',200000.0000,'C00325','Lauren Kelly','lauren.kelly@gmail.com','+62 889-689-609','S009'),(326,'2023-06-13','Wednesday','Item A',200000.0000,'C00326','Scarlett Jacobs','scarlett.jacobs@gmail.com','+62 883-7530-8427','S001'),(327,'2023-06-14','Thursday','Item A',200000.0000,'C00327','Hope Thorne','hope.thorn@gmail.com','+62 892-9403-81694','S008'),(328,'2023-06-14','Thursday','Item A',200000.0000,'C00328','Esmeralda Wilkinson','esmeralda.wilkinson@gmail.com','+62 865-8913-892','S007'),(329,'2023-06-14','Thursday','Item A',200000.0000,'C00329','Owen Weldon','owen.weldo@gmail.com','+62 868-6438-43700','S006'),(330,'2023-06-14','Thursday','Item A',200000.0000,'C00330','Alma Cooper','alma.coope@gmail.com','+62 818-9767-8619','S005'),(331,'2023-06-14','Thursday','Item A',200000.0000,'C00331','Georgia Riley','georgia.riley@gmail.com','+62 898-520-927','S008'),(332,'2023-06-14','Thursday','Item A',200000.0000,'C00332','Nathan Douglas','nathan.douglas@gmail.com','+62 866-8141-91996','S004'),(333,'2023-06-14','Thursday','Item A',200000.0000,'C00333','Benjamin Tate','benjamin.tate@gmail.com','+62 855-234-103','S007'),(334,'2023-06-14','Thursday','Item A',200000.0000,'C00334','Phillip Waterson','phillip.waterson@gmail.com','+62 831-1832-54249','S004'),(335,'2023-06-14','Thursday','Item A',200000.0000,'C00335','Charlotte Preston','charlotte.preston@gmail.com','+62 883-7436-71692','S010'),(336,'2023-06-14','Thursday','Item A',200000.0000,'C00336','Bryon Rowe','bryon.rowe@gmail.com','+62 872-8204-73422','S007'),(337,'2023-06-14','Thursday','Item A',200000.0000,'C00337','Henry Allen','henry.allen@gmail.com','+62 810-762-156','S004'),(338,'2023-06-14','Thursday','Item A',200000.0000,'C00338','Mavis Kelly','mavis.kelly@gmail.com','+62 837-1770-836','S003'),(339,'2023-06-14','Thursday','Item A',200000.0000,'C00339','Samantha Radley','samantha.radley@gmail.com','+62 825-5110-21819','S003'),(340,'2023-06-14','Thursday','Item A',200000.0000,'C00340','Owen Robertson','owen.rober@gmail.com','+62 839-348-682','S001'),(341,'2023-06-14','Thursday','Item A',200000.0000,'C00341','Bart Stevens','bart.steve@gmail.com','+62 820-0387-48285','S009'),(342,'2023-06-14','Thursday','Item A',200000.0000,'C00342','Martin Adler','martin.adler@gmail.com','+62 897-0787-760','S009'),(343,'2023-06-14','Thursday','Item A',200000.0000,'C00343','Lana Morrison','lana.morri@gmail.com','+62 864-9023-171','S004'),(344,'2023-06-14','Thursday','Item A',200000.0000,'C00344','Doug Cork','doug.cork@gmail.com','+62 857-3934-3001','S008'),(345,'2023-06-14','Thursday','Item A',200000.0000,'C00345','Mya Ward','mya.ward@gmail.com','+62 893-1826-040','S001'),(346,'2023-06-14','Thursday','Item A',200000.0000,'C00346','Meredith Olivier','meredith.olivier@gmail.com','+62 897-1326-208','S003'),(347,'2023-06-14','Thursday','Item A',200000.0000,'C00347','Summer Bryant','summer.bryant@gmail.com','+62 829-6569-56492','S008'),(348,'2023-06-14','Thursday','Item A',200000.0000,'C00348','Liam Dyson','liam.dyson@gmail.com','+62 896-0588-269','S002'),(349,'2023-06-14','Thursday','Item A',200000.0000,'C00349','Caitlyn Trent','caitlyn.trent@gmail.com','+62 823-7300-92789','S001'),(350,'2023-06-14','Thursday','Item A',200000.0000,'C00350','Ethan Parr','ethan.parr@gmail.com','+62 882-1227-8293','S007'),(351,'2023-06-14','Thursday','Item A',200000.0000,'C00351','Matt Stanley','matt.stanl@gmail.com','+62 832-2251-4536','S005'),(352,'2023-06-14','Thursday','Item A',200000.0000,'C00352','Belinda Gibson','belinda.gibson@gmail.com','+62 863-4183-821','S004'),(353,'2023-06-14','Thursday','Item A',200000.0000,'C00353','Barney Shaw','barney.shaw@gmail.com','+62 860-2046-2198','S006'),(354,'2023-06-14','Thursday','Item A',200000.0000,'C00354','Alba Faulkner','alba.faulk@gmail.com','+62 868-6364-7847','S009'),(355,'2023-06-15','Friday','Item A',200000.0000,'C00355','Peter Graham','peter.graham@gmail.com','+62 862-5654-21146','S006'),(356,'2023-06-15','Friday','Item A',200000.0000,'C00356','Elise Matthews','elise.matthe@gmail.com','+62 818-0385-05052','S008'),(357,'2023-06-15','Friday','Item A',200000.0000,'C00357','Denis Blackwall','denis.blackw@gmail.com','+62 895-5270-1298','S009'),(358,'2023-06-15','Friday','Item A',200000.0000,'C00358','Aleksandra Lunt','aleksandra.lunt@gmail.com','+62 869-8278-6321','S009'),(359,'2023-06-15','Friday','Item A',200000.0000,'C00359','Gemma Rehman','gemma.rehman@gmail.com','+62 860-8058-89269','S003'),(360,'2023-06-15','Friday','Item A',200000.0000,'C00360','Abdul Hill','abdul.hill@gmail.com','+62 878-927-906','S005'),(361,'2023-06-15','Friday','Item A',200000.0000,'C00361','Daniel Kelly','daniel.kelly@gmail.com','+62 838-9203-520','S006'),(362,'2023-06-15','Friday','Item A',200000.0000,'C00362','Sebastian Keys','sebastian.keys@gmail.com','+62 856-1274-1081','S008'),(363,'2023-06-15','Friday','Item B',500000.0000,'C00363','Alexa Nayler','alexa.nayler@gmail.com','+62 827-047-805','S010'),(364,'2023-06-15','Friday','Item B',500000.0000,'C00364','Bob Stevenson','bob.stev@gmail.com','+62 837-3467-147','S008'),(365,'2023-06-15','Friday','Item B',500000.0000,'C00365','Margot Dubois','margot.dubois@gmail.com','+62 811-1057-61406','S008'),(366,'2023-06-15','Friday','Item B',500000.0000,'C00366','Matt Jarrett','matt.jarre@gmail.com','+62 852-236-527','S008'),(367,'2023-06-15','Friday','Item B',500000.0000,'C00367','Carolyn Hall','carolyn.hall@gmail.com','+62 862-452-229','S010'),(368,'2023-06-15','Friday','Item B',500000.0000,'C00368','Cara James','cara.james@gmail.com','+62 863-3074-6951','S008'),(369,'2023-06-15','Friday','Item B',500000.0000,'C00369','Russel Whitehouse','russel.whiteho@gmail.com','+62 868-108-624','S001'),(370,'2023-06-15','Friday','Item B',500000.0000,'C00370','Domenic Stewart','domenic.stewart@gmail.com','+62 820-3821-5849','S001'),(371,'2023-06-15','Friday','Item A',200000.0000,'C00371','Miriam Cassidy','miriam.cassidy@gmail.com','+62 895-288-496','S008'),(372,'2023-06-15','Friday','Item A',200000.0000,'C00372','Maribel Hooper','maribel.hooper@gmail.com','+62 876-0435-648','S007'),(373,'2023-06-15','Friday','Item A',200000.0000,'C00373','Alan Knight','alan.knigh@gmail.com','+62 889-1485-9241','S003'),(374,'2023-06-15','Friday','Item A',200000.0000,'C00374','Carl Edley','carl.edley@gmail.com','+62 869-043-314','S007'),(375,'2023-06-15','Friday','Item A',200000.0000,'C00375','Skylar Chapman','skylar.chapman@gmail.com','+62 818-4448-36183','S008'),(376,'2023-06-15','Friday','Item A',200000.0000,'C00376','Isla Yarwood','isla.yarwo@gmail.com','+62 892-9290-314','S003'),(377,'2023-06-15','Friday','Item A',200000.0000,'C00377','Allison Lewis','allison.lewis@gmail.com','+62 893-0417-0617','S002'),(378,'2023-06-15','Friday','Item A',200000.0000,'C00378','Florence Ellwood','florence.ellwood@gmail.com','+62 831-9214-99194','S008'),(379,'2023-06-15','Friday','Item A',200000.0000,'C00379','Olivia Jefferson','olivia.jeffers@gmail.com','+62 858-3073-19450','S003'),(380,'2023-06-15','Friday','Item A',200000.0000,'C00380','Camila Marshall','camila.marshal@gmail.com','+62 817-525-141','S010'),(381,'2023-06-15','Friday','Item A',200000.0000,'C00381','Doug Townend','doug.towne@gmail.com','+62 870-1316-0485','S003'),(382,'2023-06-15','Friday','Item A',200000.0000,'C00382','Angelica Carpenter','angelica.carpenter@gmail.com','+62 889-8831-02036','S001'),(383,'2023-06-15','Friday','Item A',200000.0000,'C00383','Julius Varndell','julius.varndel@gmail.com','+62 824-5483-3527','S004'),(384,'2023-06-15','Friday','Item A',200000.0000,'C00384','Daniel Cox','daniel.cox@gmail.com','+62 894-067-569','S002'),(385,'2023-06-15','Friday','Item A',200000.0000,'C00385','Marvin Nanton','marvin.nanton@gmail.com','+62 822-4172-8174','S001'),(386,'2023-06-15','Friday','Item A',200000.0000,'C00386','Harriet Preston','harriet.preston@gmail.com','+62 851-3398-5605','S005'),(387,'2023-06-15','Friday','Item A',200000.0000,'C00387','Crystal Cowan','crystal.cowan@gmail.com','+62 876-4805-2816','S001'),(388,'2023-06-15','Friday','Item A',200000.0000,'C00388','George Yarwood','george.yarwood@gmail.com','+62 819-3992-608','S001'),(389,'2023-06-15','Friday','Item A',200000.0000,'C00389','Aeris Wren','aeris.wren@gmail.com','+62 835-6079-168','S004'),(390,'2023-06-15','Friday','Item A',200000.0000,'C00390','Mason Bayliss','mason.baylis@gmail.com','+62 812-9901-8921','S007'),(391,'2023-06-15','Friday','Item A',200000.0000,'C00391','Leroy Hogg','leroy.hogg@gmail.com','+62 820-7686-22325','S002'),(392,'2023-06-15','Friday','Item A',200000.0000,'C00392','Maria Barclay','maria.barcla@gmail.com','+62 812-4224-94116','S007'),(393,'2023-06-15','Friday','Item A',200000.0000,'C00393','Hayden Morley','hayden.morley@gmail.com','+62 880-6928-93566','S006'),(394,'2023-06-18','Monday','Item A',200000.0000,'C00394','Drew Bailey','drew.baile@gmail.com','+62 862-6879-329','S007'),(395,'2023-06-18','Monday','Item A',200000.0000,'C00395','Candace Stone','candace.stone@gmail.com','+62 893-446-894','S004'),(396,'2023-06-18','Monday','Item A',200000.0000,'C00396','Erick Vaughn','erick.vaughn@gmail.com','+62 890-1099-8066','S010'),(397,'2023-06-18','Monday','Item A',200000.0000,'C00397','Liam Stone','liam.stone@gmail.com','+62 827-125-250','S006'),(398,'2023-06-18','Monday','Item A',200000.0000,'C00398','Irene Mcneill','irene.mcneil@gmail.com','+62 861-1502-58012','S004'),(399,'2023-06-18','Monday','Item A',200000.0000,'C00399','Rosie Hastings','rosie.hastin@gmail.com','+62 895-912-893','S004'),(400,'2023-06-18','Monday','Item A',200000.0000,'C00400','Cassandra Whitmore','cassandra.whitmore@gmail.com','+62 884-3204-64702','S010'),(401,'2023-06-18','Monday','Item A',200000.0000,'C00401','Oliver Selby','oliver.selby@gmail.com','+62 835-3024-008','S008'),(402,'2023-06-18','Monday','Item A',200000.0000,'C00402','Davina Cattell','davina.cattell@gmail.com','+62 895-9541-3800','S001'),(403,'2023-06-18','Monday','Item A',200000.0000,'C00403','Alma Johnson','alma.johns@gmail.com','+62 868-4745-5254','S002'),(404,'2023-06-18','Monday','Item A',200000.0000,'C00404','Tyler Rodgers','tyler.rodger@gmail.com','+62 878-9671-2955','S005'),(405,'2023-06-18','Monday','Item A',200000.0000,'C00405','Belinda Long','belinda.long@gmail.com','+62 883-9248-988','S003'),(406,'2023-06-18','Monday','Item A',200000.0000,'C00406','Cedrick Douglas','cedrick.douglas@gmail.com','+62 831-0134-9017','S001'),(407,'2023-06-18','Monday','Item A',200000.0000,'C00407','Peter Vincent','peter.vincen@gmail.com','+62 872-8948-34016','S005'),(408,'2023-06-18','Monday','Item A',200000.0000,'C00408','George Lindsay','george.lindsay@gmail.com','+62 869-8323-19348','S007'),(409,'2023-06-18','Monday','Item A',200000.0000,'C00409','Ruth Chapman','ruth.chapm@gmail.com','+62 877-5668-353','S006'),(410,'2023-06-18','Monday','Item B',500000.0000,'C00410','John Reynolds','john.reyno@gmail.com','+62 813-7183-9097','S009'),(411,'2023-06-18','Monday','Item B',500000.0000,'C00411','Vera Whittle','vera.whitt@gmail.com','+62 889-7314-5280','S008'),(412,'2023-06-18','Monday','Item B',500000.0000,'C00412','Hayden Hardwick','hayden.hardwic@gmail.com','+62 839-4151-709','S003'),(413,'2023-06-18','Monday','Item B',500000.0000,'C00413','Amelia Collins','amelia.collins@gmail.com','+62 878-3759-611','S003'),(414,'2023-06-18','Monday','Item B',500000.0000,'C00414','Peter Martin','peter.martin@gmail.com','+62 876-2303-5967','S010'),(415,'2023-06-18','Monday','Item B',500000.0000,'C00415','Tom Everett','tom.ever@gmail.com','+62 824-7813-8529','S006'),(416,'2023-06-19','Tuesday','Item B',500000.0000,'C00416','Javier Potts','javier.potts@gmail.com','+62 872-5864-10323','S009'),(417,'2023-06-19','Tuesday','Item B',500000.0000,'C00417','Payton Coates','payton.coates@gmail.com','+62 812-9677-6639','S006'),(418,'2023-06-19','Tuesday','Item B',500000.0000,'C00418','Cedrick Oatway','cedrick.oatway@gmail.com','+62 822-584-326','S001'),(419,'2023-06-19','Tuesday','Item B',500000.0000,'C00419','Nick Matthews','nick.matth@gmail.com','+62 810-1990-890','S001'),(420,'2023-06-19','Tuesday','Item B',500000.0000,'C00420','Kurt Bayliss','kurt.bayli@gmail.com','+62 884-9385-2013','S002'),(421,'2023-06-19','Tuesday','Item B',500000.0000,'C00421','Luna Palmer','luna.palme@gmail.com','+62 855-2023-232','S007'),(422,'2023-06-19','Tuesday','Item A',200000.0000,'C00422','Rose Eagle','rose.eagle@gmail.com','+62 891-9057-209','S005'),(423,'2023-06-19','Tuesday','Item A',200000.0000,'C00423','Adeline Cadman','adeline.cadman@gmail.com','+62 850-548-943','S008'),(424,'2023-06-19','Tuesday','Item A',200000.0000,'C00424','Eduardo Mcneill','eduardo.mcneill@gmail.com','+62 825-011-433','S008'),(425,'2023-06-19','Tuesday','Item A',200000.0000,'C00425','Ruth Jarrett','ruth.jarre@gmail.com','+62 815-1460-04220','S004'),(426,'2023-06-19','Tuesday','Item A',200000.0000,'C00426','Daniel Harvey','daniel.harvey@gmail.com','+62 834-5385-24274','S005'),(427,'2023-06-19','Tuesday','Item A',200000.0000,'C00427','Erica Antcliff','erica.antcli@gmail.com','+62 864-1260-7581','S003'),(428,'2023-06-19','Tuesday','Item A',200000.0000,'C00428','Rufus Wright','rufus.wright@gmail.com','+62 836-360-952','S006'),(429,'2023-06-19','Tuesday','Item A',200000.0000,'C00429','Luna Rodwell','luna.rodwe@gmail.com','+62 814-5340-6939','S007'),(430,'2023-06-19','Tuesday','Item A',200000.0000,'C00430','Julia Rigg','julia.rigg@gmail.com','+62 855-6619-78160','S003'),(431,'2023-06-19','Tuesday','Item A',200000.0000,'C00431','Ally Lowe','ally.lowe@gmail.com','+62 815-3894-4807','S006'),(432,'2023-06-19','Tuesday','Item A',200000.0000,'C00432','Tess Drummond','tess.drumm@gmail.com','+62 897-5428-853','S008'),(433,'2023-06-19','Tuesday','Item A',200000.0000,'C00433','Savannah Simpson','savannah.simpson@gmail.com','+62 866-1180-888','S008'),(434,'2023-06-19','Tuesday','Item A',200000.0000,'C00434','Priscilla Stanton','priscilla.stanton@gmail.com','+62 887-536-368','S003'),(435,'2023-06-19','Tuesday','Item A',200000.0000,'C00435','Dasha Palmer','dasha.palmer@gmail.com','+62 824-2281-155','S004'),(436,'2023-06-19','Tuesday','Item A',200000.0000,'C00436','Carter Wilkinson','carter.wilkins@gmail.com','+62 820-5196-6449','S006'),(437,'2023-06-19','Tuesday','Item A',200000.0000,'C00437','Zoe Oatway','zoe.oatw@gmail.com','+62 883-4596-4978','S003'),(438,'2023-06-19','Tuesday','Item A',200000.0000,'C00438','Clint Price','clint.price@gmail.com','+62 837-740-440','S004'),(439,'2023-06-19','Tuesday','Item A',200000.0000,'C00439','Rufus Saunders','rufus.saunde@gmail.com','+62 824-906-754','S002'),(440,'2023-06-19','Tuesday','Item A',200000.0000,'C00440','Camellia Walton','camellia.walton@gmail.com','+62 877-4248-6802','S009'),(441,'2023-06-19','Tuesday','Item A',200000.0000,'C00441','Christine Mason','christine.mason@gmail.com','+62 866-3497-65913','S004'),(442,'2023-06-19','Tuesday','Item A',200000.0000,'C00442','Manuel Allen','manuel.allen@gmail.com','+62 893-8855-2018','S010'),(443,'2023-06-19','Tuesday','Item A',200000.0000,'C00443','Harmony Rainford','harmony.rainford@gmail.com','+62 855-204-624','S001'),(444,'2023-06-19','Tuesday','Item A',200000.0000,'C00444','Vanessa Thomas','vanessa.thomas@gmail.com','+62 857-3282-5922','S006'),(445,'2023-06-19','Tuesday','Item A',200000.0000,'C00445','William Exton','william.exton@gmail.com','+62 839-0327-2591','S007'),(446,'2023-06-19','Tuesday','Item A',200000.0000,'C00446','Dakota Robertson','dakota.roberts@gmail.com','+62 854-3673-178','S005'),(447,'2023-06-19','Tuesday','Item A',200000.0000,'C00447','Bryon Fowler','bryon.fowler@gmail.com','+62 863-8895-9163','S007'),(448,'2023-06-19','Tuesday','Item A',200000.0000,'C00448','Denis Harrington','denis.harrin@gmail.com','+62 855-0515-909','S005'),(449,'2023-06-19','Tuesday','Item A',200000.0000,'C00449','Payton Allen','payton.allen@gmail.com','+62 810-4192-794','S010'),(450,'2023-06-19','Tuesday','Item A',200000.0000,'C00450','Luke Quinnell','luke.quinn@gmail.com','+62 889-7055-20507','S002'),(451,'2023-06-19','Tuesday','Item A',200000.0000,'C00451','Lucas Lewis','lucas.lewis@gmail.com','+62 862-9388-94850','S010'),(452,'2023-06-19','Tuesday','Item B',500000.0000,'C00452','Boris Cunningham','boris.cunnin@gmail.com','+62 813-2132-80144','S010'),(453,'2023-06-19','Tuesday','Item B',500000.0000,'C00453','Adalie Griffiths','adalie.griffit@gmail.com','+62 852-1858-43078','S002'),(454,'2023-06-19','Tuesday','Item B',500000.0000,'C00454','Cecilia Bloom','cecilia.bloom@gmail.com','+62 898-1075-935','S001'),(455,'2023-06-19','Tuesday','Item B',500000.0000,'C00455','Rufus Myatt','rufus.myatt@gmail.com','+62 814-1493-92145','S001'),(456,'2023-06-19','Tuesday','Item B',500000.0000,'C00456','Juliette Rogan','juliette.rogan@gmail.com','+62 816-1080-657','S009'),(457,'2023-06-19','Tuesday','Item B',500000.0000,'C00457','Ivette Fall','ivette.fall@gmail.com','+62 896-7444-94085','S009'),(458,'2023-06-19','Tuesday','Item B',500000.0000,'C00458','Aileen Stuart','aileen.stuart@gmail.com','+62 877-7921-88781','S005'),(459,'2023-06-19','Tuesday','Item B',500000.0000,'C00459','Johnathan Goodman','johnathan.goodman@gmail.com','+62 881-8753-73884','S003'),(460,'2023-06-19','Tuesday','Item B',500000.0000,'C00460','Davina Dobson','davina.dobson@gmail.com','+62 874-1940-164','S003'),(461,'2023-06-19','Tuesday','Item B',500000.0000,'C00461','George Morgan','george.morgan@gmail.com','+62 880-2404-76400','S006'),(462,'2023-06-19','Tuesday','Item B',500000.0000,'C00462','Julian Walsh','julian.walsh@gmail.com','+62 852-116-066','S001'),(463,'2023-06-19','Tuesday','Item A',200000.0000,'C00463','Angel Dann','angel.dann@gmail.com','+62 814-5210-80220','S010'),(464,'2023-06-20','Wednesday','Item A',200000.0000,'C00464','Chloe Wilde','chloe.wilde@gmail.com','+62 855-8753-7280','S003'),(465,'2023-06-20','Wednesday','Item A',200000.0000,'C00465','Doug Squire','doug.squir@gmail.com','+62 823-4642-47505','S006'),(466,'2023-06-20','Wednesday','Item A',200000.0000,'C00466','Ryan Parker','ryan.parke@gmail.com','+62 877-9703-72035','S010'),(467,'2023-06-20','Wednesday','Item A',200000.0000,'C00467','Adina Speed','adina.speed@gmail.com','+62 835-7459-730','S010'),(468,'2023-06-20','Wednesday','Item A',200000.0000,'C00468','Chad Smith','chad.smith@gmail.com','+62 829-4892-66871','S002'),(469,'2023-06-20','Wednesday','Item A',200000.0000,'C00469','Tom Gibson','tom.gibs@gmail.com','+62 873-2935-391','S005'),(470,'2023-06-20','Wednesday','Item A',200000.0000,'C00470','Tony Wilcox','tony.wilco@gmail.com','+62 855-491-499','S006'),(471,'2023-06-20','Wednesday','Item A',200000.0000,'C00471','Carl Quinn','carl.quinn@gmail.com','+62 888-1234-5405','S008'),(472,'2023-06-20','Wednesday','Item A',200000.0000,'C00472','Naomi Clarke','naomi.clarke@gmail.com','+62 863-9820-9769','S005'),(473,'2023-06-20','Wednesday','Item A',200000.0000,'C00473','Chester Mcgee','chester.mcgee@gmail.com','+62 880-0139-957','S002'),(474,'2023-06-20','Wednesday','Item A',200000.0000,'C00474','Estrella Drummond','estrella.drummond@gmail.com','+62 894-9774-612','S008'),(475,'2023-06-20','Wednesday','Item A',200000.0000,'C00475','Anne Rowe','anne.rowe@gmail.com','+62 851-9566-38634','S002'),(476,'2023-06-20','Wednesday','Item A',200000.0000,'C00476','Jessica Uttley','jessica.uttley@gmail.com','+62 817-8654-457','S009'),(477,'2023-06-20','Wednesday','Item A',200000.0000,'C00477','Peyton Styles','peyton.styles@gmail.com','+62 898-310-005','S005'),(478,'2023-06-20','Wednesday','Item A',200000.0000,'C00478','Javier Whinter','javier.whinter@gmail.com','+62 887-8972-34399','S010'),(479,'2023-06-20','Wednesday','Item A',200000.0000,'C00479','Enoch Yang','enoch.yang@gmail.com','+62 853-5087-9235','S006'),(480,'2023-06-20','Wednesday','Item A',200000.0000,'C00480','Clarissa Bayliss','clarissa.bayliss@gmail.com','+62 818-2788-1938','S009'),(481,'2023-06-20','Wednesday','Item A',200000.0000,'C00481','Candace Gates','candace.gates@gmail.com','+62 895-431-126','S010'),(482,'2023-06-20','Wednesday','Item A',200000.0000,'C00482','Ron Radley','ron.radl@gmail.com','+62 838-3605-823','S002'),(483,'2023-06-20','Wednesday','Item A',200000.0000,'C00483','George Vinton','george.vinton@gmail.com','+62 811-581-499','S003'),(484,'2023-06-20','Wednesday','Item A',200000.0000,'C00484','Rufus Stuart','rufus.stuart@gmail.com','+62 827-8706-5169','S005'),(485,'2023-06-20','Wednesday','Item A',200000.0000,'C00485','Boris Howard','boris.howard@gmail.com','+62 884-520-985','S001'),(486,'2023-06-20','Wednesday','Item A',200000.0000,'C00486','Callie Griffiths','callie.griffit@gmail.com','+62 894-694-396','S002'),(487,'2023-06-20','Wednesday','Item A',200000.0000,'C00487','Ramon Overson','ramon.overso@gmail.com','+62 821-1299-51333','S004'),(488,'2023-06-20','Wednesday','Item A',200000.0000,'C00488','Aleksandra Summers','aleksandra.summers@gmail.com','+62 887-5657-6160','S010'),(489,'2023-06-20','Wednesday','Item A',200000.0000,'C00489','Bob Adams','bob.adam@gmail.com','+62 830-8424-77378','S004'),(490,'2023-06-20','Wednesday','Item B',500000.0000,'C00490','Harry Hogg','harry.hogg@gmail.com','+62 890-374-507','S006'),(491,'2023-06-20','Wednesday','Item B',500000.0000,'C00491','Cristal Mooney','cristal.mooney@gmail.com','+62 819-5825-655','S007'),(492,'2023-06-20','Wednesday','Item B',500000.0000,'C00492','Julian Rothwell','julian.rothwel@gmail.com','+62 825-6377-852','S008'),(493,'2023-06-20','Wednesday','Item B',500000.0000,'C00493','Eduardo Welsch','eduardo.welsch@gmail.com','+62 890-531-193','S004'),(494,'2023-06-20','Wednesday','Item B',500000.0000,'C00494','Madelyn Price','madelyn.price@gmail.com','+62 850-0795-3152','S009'),(495,'2023-06-20','Wednesday','Item B',500000.0000,'C00495','Mason Lomax','mason.lomax@gmail.com','+62 833-584-102','S007'),(496,'2023-06-20','Wednesday','Item B',500000.0000,'C00496','Rachael Page ','rachael.page @gmail.com','+62 822-8147-4829','S005'),(497,'2023-06-20','Wednesday','Item B',500000.0000,'C00497','Carissa Trent','carissa.trent@gmail.com','+62 855-2007-83268','S007'),(498,'2023-06-20','Wednesday','Item B',500000.0000,'C00498','Willow Rycroft','willow.rycroft@gmail.com','+62 862-5790-8234','S003'),(499,'2023-06-20','Wednesday','Item B',500000.0000,'C00499','Brad Roberts','brad.rober@gmail.com','+62 824-5121-00309','S008'),(500,'2023-06-20','Wednesday','Item B',500000.0000,'C00500','Mary Eagle','mary.eagle@gmail.com','+62 862-1400-21284','S006'),(501,'2023-06-20','Wednesday','Item B',500000.0000,'C00501','Roger Baker','roger.baker@gmail.com','+62 810-618-008','S007'),(502,'2023-06-20','Wednesday','Item B',500000.0000,'C00502','Julian Webster','julian.webster@gmail.com','+62 859-690-120','S007'),(503,'2023-06-20','Wednesday','Item B',500000.0000,'C00503','Cynthia Tobin','cynthia.tobin@gmail.com','+62 892-967-914','S010'),(504,'2023-06-20','Wednesday','Item B',500000.0000,'C00504','Juliette Weatcroft','juliette.weatcroft@gmail.com','+62 884-4381-17702','S009'),(505,'2023-06-20','Wednesday','Item B',500000.0000,'C00505','Elijah Thomson','elijah.thomson@gmail.com','+62 817-2054-48405','S006'),(506,'2023-06-20','Wednesday','Item B',500000.0000,'C00506','Raquel Osmond','raquel.osmond@gmail.com','+62 871-3171-142','S008'),(507,'2023-06-20','Wednesday','Item A',200000.0000,'C00507','Bart Callan','bart.calla@gmail.com','+62 839-3575-747','S006'),(508,'2023-06-20','Wednesday','Item A',200000.0000,'C00508','Ethan Styles','ethan.styles@gmail.com','+62 829-9937-5790','S001'),(509,'2023-06-20','Wednesday','Item A',200000.0000,'C00509','Caydence Hardwick','caydence.hardwick@gmail.com','+62 823-7366-011','S005'),(510,'2023-06-20','Wednesday','Item A',200000.0000,'C00510','Christy Collingwood','christy.collingw@gmail.com','+62 891-0754-50930','S009'),(511,'2023-06-20','Wednesday','Item A',200000.0000,'C00511','Audrey Baldwin','audrey.baldwin@gmail.com','+62 898-8849-87538','S002'),(512,'2023-06-20','Wednesday','Item A',200000.0000,'C00512','Henry Moore','henry.moore@gmail.com','+62 871-2636-357','S003'),(513,'2023-06-20','Wednesday','Item A',200000.0000,'C00513','William Cooper','william.cooper@gmail.com','+62 863-6083-39595','S005'),(514,'2023-06-20','Wednesday','Item A',200000.0000,'C00514','Selena Morrison','selena.morriso@gmail.com','+62 814-1502-98276','S008'),(515,'2023-06-20','Wednesday','Item A',200000.0000,'C00515','Wade Nicolas','wade.nicol@gmail.com','+62 836-6750-3444','S003'),(516,'2023-06-20','Wednesday','Item A',200000.0000,'C00516','Aileen Lomax','aileen.lomax@gmail.com','+62 879-1311-77305','S003'),(517,'2023-06-20','Wednesday','Item A',200000.0000,'C00517','Brad Sylvester','brad.sylve@gmail.com','+62 833-7619-6897','S010'),(518,'2023-06-20','Wednesday','Item A',200000.0000,'C00518','Alma Ventura','alma.ventu@gmail.com','+62 867-9486-58945','S001'),(519,'2023-06-20','Wednesday','Item A',200000.0000,'C00519','Anabel Osman','anabel.osman@gmail.com','+62 889-883-205','S010'),(520,'2023-06-20','Wednesday','Item A',200000.0000,'C00520','Denny Potter','denny.potter@gmail.com','+62 873-9644-47647','S004'),(521,'2023-06-20','Wednesday','Item A',200000.0000,'C00521','Margaret Hill','margaret.hill@gmail.com','+62 878-4571-688','S007'),(522,'2023-06-20','Wednesday','Item A',200000.0000,'C00522','Hayden Eyres','hayden.eyres@gmail.com','+62 859-7954-77935','S002'),(523,'2023-06-20','Wednesday','Item A',200000.0000,'C00523','Maddison Murphy','maddison.murphy@gmail.com','+62 863-6994-55196','S009'),(524,'2023-06-20','Wednesday','Item A',200000.0000,'C00524','Kaylee Upton','kaylee.upton@gmail.com','+62 868-9995-543','S005'),(525,'2023-06-20','Wednesday','Item A',200000.0000,'C00525','Carissa Dwyer','carissa.dwyer@gmail.com','+62 863-8018-046','S005'),(526,'2023-06-20','Wednesday','Item A',200000.0000,'C00526','Bob Varley','bob.varl@gmail.com','+62 890-4078-3714','S007'),(527,'2023-06-20','Wednesday','Item A',200000.0000,'C00527','Janice Khan','janice.khan@gmail.com','+62 814-514-680','S005'),(528,'2023-06-20','Wednesday','Item A',200000.0000,'C00528','Dalia Clifton','dalia.clifto@gmail.com','+62 824-9792-875','S002'),(529,'2023-06-20','Wednesday','Item A',200000.0000,'C00529','Alma Lucas','alma.lucas@gmail.com','+62 816-7377-476','S001'),(530,'2023-06-20','Wednesday','Item A',200000.0000,'C00530','George Quinn','george.quinn@gmail.com','+62 830-5043-462','S005'),(531,'2023-06-20','Wednesday','Item A',200000.0000,'C00531','Percy Dyson','percy.dyson@gmail.com','+62 855-1990-735','S009'),(532,'2023-06-20','Wednesday','Item A',200000.0000,'C00532','David London','david.london@gmail.com','+62 895-8273-111','S008'),(533,'2023-06-20','Wednesday','Item A',200000.0000,'C00533','Christy Becker','christy.becker@gmail.com','+62 878-184-003','S002'),(534,'2023-06-20','Wednesday','Item A',200000.0000,'C00534','Julius Thomas','julius.thomas@gmail.com','+62 869-6895-42154','S005'),(535,'2023-06-20','Wednesday','Item A',200000.0000,'C00535','Ellen Pickard','ellen.pickar@gmail.com','+62 858-8618-055','S007'),(536,'2023-06-20','Wednesday','Item A',200000.0000,'C00536','Hadley Pierce','hadley.pierce@gmail.com','+62 859-4313-51735','S010'),(537,'2023-06-20','Wednesday','Item A',200000.0000,'C00537','Brad Clark','brad.clark@gmail.com','+62 828-1983-714','S003'),(538,'2023-06-20','Wednesday','Item A',200000.0000,'C00538','Phoebe Windsor','phoebe.windsor@gmail.com','+62 896-8282-2901','S001'),(539,'2023-06-20','Wednesday','Item A',200000.0000,'C00539','Bob Ralph','bob.ralp@gmail.com','+62 820-585-379','S001'),(540,'2023-06-20','Wednesday','Item A',200000.0000,'C00540','Kaylee Parker','kaylee.parker@gmail.com','+62 864-9043-819','S001'),(541,'2023-06-20','Wednesday','Item A',200000.0000,'C00541','Barry Ellwood','barry.ellwoo@gmail.com','+62 836-838-192','S002'),(542,'2023-06-20','Wednesday','Item A',200000.0000,'C00542','Tyson Harvey','tyson.harvey@gmail.com','+62 887-8202-9654','S002'),(543,'2023-06-20','Wednesday','Item A',200000.0000,'C00543','Martha Baxter','martha.baxter@gmail.com','+62 882-420-793','S002'),(544,'2023-06-20','Wednesday','Item A',200000.0000,'C00544','Aurelia Warren','aurelia.warren@gmail.com','+62 894-909-687','S005'),(545,'2023-06-20','Wednesday','Item A',200000.0000,'C00545','Penelope Rossi','penelope.rossi@gmail.com','+62 870-073-344','S001'),(546,'2023-06-20','Wednesday','Item A',200000.0000,'C00546','Johnny Andrews','johnny.andrews@gmail.com','+62 858-2781-048','S002'),(547,'2023-06-21','Thursday','Item A',200000.0000,'C00547','Sharon Mcnally','sharon.mcnally@gmail.com','+62 885-5544-849','S010'),(548,'2023-06-21','Thursday','Item A',200000.0000,'C00548','Camden Graves','camden.graves@gmail.com','+62 872-8547-1948','S002'),(549,'2023-06-21','Thursday','Item A',200000.0000,'C00549','Jasmine Bailey','jasmine.bailey@gmail.com','+62 894-1282-7286','S008'),(550,'2023-06-21','Thursday','Item A',200000.0000,'C00550','Gloria Hamilton','gloria.hamilto@gmail.com','+62 812-9266-525','S008'),(551,'2023-06-21','Thursday','Item A',200000.0000,'C00551','Chester Campbell','chester.campbell@gmail.com','+62 878-319-660','S001'),(552,'2023-06-21','Thursday','Item A',200000.0000,'C00552','Barney Wigley','barney.wigley@gmail.com','+62 820-3861-29405','S003'),(553,'2023-06-21','Thursday','Item A',200000.0000,'C00553','Chad Asher','chad.asher@gmail.com','+62 836-8327-78479','S003'),(554,'2023-06-21','Thursday','Item A',200000.0000,'C00554','Hayden Janes','hayden.janes@gmail.com','+62 831-4907-162','S005'),(555,'2023-06-21','Thursday','Item A',200000.0000,'C00555','Brad Gregory','brad.grego@gmail.com','+62 881-3325-2013','S004'),(556,'2023-06-21','Thursday','Item A',200000.0000,'C00556','Mary Wheeler','mary.wheel@gmail.com','+62 812-6385-2456','S008'),(557,'2023-06-21','Thursday','Item A',200000.0000,'C00557','Eduardo Ward','eduardo.ward@gmail.com','+62 894-433-872','S002'),(558,'2023-06-21','Thursday','Item A',200000.0000,'C00558','Denny Mason','denny.mason@gmail.com','+62 858-115-223','S006'),(559,'2023-06-21','Thursday','Item A',200000.0000,'C00559','Johnny Sylvester','johnny.sylvest@gmail.com','+62 875-5523-53544','S004'),(560,'2023-06-21','Thursday','Item A',200000.0000,'C00560','Alexia Martin','alexia.martin@gmail.com','+62 854-2586-454','S010'),(561,'2023-06-21','Thursday','Item B',500000.0000,'C00561','Emma Thomson','emma.thoms@gmail.com','+62 830-8720-543','S009'),(562,'2023-06-21','Thursday','Item B',500000.0000,'C00562','Rick Shaw','rick.shaw@gmail.com','+62 864-0965-559','S002'),(563,'2023-06-21','Thursday','Item B',500000.0000,'C00563','Nate Eyres','nate.eyres@gmail.com','+62 851-680-317','S003'),(564,'2023-06-21','Thursday','Item B',500000.0000,'C00564','Alexander Shelton','alexander.shelton@gmail.com','+62 883-0144-427','S005'),(565,'2023-06-21','Thursday','Item B',500000.0000,'C00565','Nick Sylvester','nick.sylve@gmail.com','+62 828-6351-437','S001'),(566,'2023-06-21','Thursday','Item B',500000.0000,'C00566','Nate Baldwin','nate.baldw@gmail.com','+62 814-9733-968','S004'),(567,'2023-06-21','Thursday','Item B',500000.0000,'C00567','Alexander Mccormick','alexander.mccormick@gmail.com','+62 860-6530-198','S004'),(568,'2023-06-21','Thursday','Item B',500000.0000,'C00568','Penny Selby','penny.selby@gmail.com','+62 833-7450-65027','S004'),(569,'2023-06-21','Thursday','Item B',500000.0000,'C00569','Benjamin Gibson','benjamin.gibson@gmail.com','+62 897-730-636','S009'),(570,'2023-06-21','Thursday','Item B',500000.0000,'C00570','Harmony Dixon','harmony.dixon@gmail.com','+62 863-943-285','S008'),(571,'2023-06-21','Thursday','Item A',200000.0000,'C00571','Nicholas Cattell','nicholas.cattell@gmail.com','+62 890-8782-0051','S005'),(572,'2023-06-21','Thursday','Item A',200000.0000,'C00572','Tom Larkin','tom.lark@gmail.com','+62 835-501-632','S010'),(573,'2023-06-21','Thursday','Item A',200000.0000,'C00573','Gabriel Ross','gabriel.ross@gmail.com','+62 812-545-795','S002'),(574,'2023-06-21','Thursday','Item A',200000.0000,'C00574','Faith Chester','faith.cheste@gmail.com','+62 811-6053-221','S004'),(575,'2023-06-21','Thursday','Item A',200000.0000,'C00575','Freya Dobson','freya.dobson@gmail.com','+62 812-1925-90060','S007'),(576,'2023-06-21','Thursday','Item A',200000.0000,'C00576','David Dickson','david.dickso@gmail.com','+62 816-966-250','S010'),(577,'2023-06-21','Thursday','Item A',200000.0000,'C00577','David Nicolas','david.nicola@gmail.com','+62 811-168-908','S005'),(578,'2023-06-21','Thursday','Item A',200000.0000,'C00578','Marvin Dwyer','marvin.dwyer@gmail.com','+62 883-9969-78982','S003'),(579,'2023-06-21','Thursday','Item A',200000.0000,'C00579','Sadie Wood','sadie.wood@gmail.com','+62 878-2288-44027','S010'),(580,'2023-06-21','Thursday','Item A',200000.0000,'C00580','Owen Henderson','owen.hende@gmail.com','+62 883-1414-8638','S008'),(581,'2023-06-21','Thursday','Item A',200000.0000,'C00581','Camden Newman','camden.newman@gmail.com','+62 829-9285-1849','S004'),(582,'2023-06-21','Thursday','Item A',200000.0000,'C00582','Valerie Janes','valerie.janes@gmail.com','+62 890-0840-753','S002'),(583,'2023-06-21','Thursday','Item A',200000.0000,'C00583','Tania Clarke','tania.clarke@gmail.com','+62 894-2009-25216','S002'),(584,'2023-06-21','Thursday','Item A',200000.0000,'C00584','Danny Thompson','danny.thomps@gmail.com','+62 831-2364-2775','S008'),(585,'2023-06-21','Thursday','Item A',200000.0000,'C00585','Henry Martin','henry.martin@gmail.com','+62 851-2371-990','S005'),(586,'2023-06-21','Thursday','Item A',200000.0000,'C00586','Kate Jenkins','kate.jenki@gmail.com','+62 850-719-221','S005'),(587,'2023-06-21','Thursday','Item A',200000.0000,'C00587','Rocco Kidd','rocco.kidd@gmail.com','+62 854-5417-70538','S002'),(588,'2023-06-21','Thursday','Item A',200000.0000,'C00588','Marie Vincent','marie.vincen@gmail.com','+62 884-758-668','S007'),(589,'2023-06-21','Thursday','Item A',200000.0000,'C00589','Julian Dallas','julian.dallas@gmail.com','+62 876-7784-667','S005'),(590,'2023-06-21','Thursday','Item A',200000.0000,'C00590','Tara Clifford','tara.cliff@gmail.com','+62 899-6065-78767','S009'),(591,'2023-06-21','Thursday','Item A',200000.0000,'C00591','Denis Long','denis.long@gmail.com','+62 832-3851-350','S008'),(592,'2023-06-21','Thursday','Item A',200000.0000,'C00592','Tony Mcneill','tony.mcnei@gmail.com','+62 816-4888-06838','S004'),(593,'2023-06-21','Thursday','Item A',200000.0000,'C00593','George Poole','george.poole@gmail.com','+62 898-2472-78643','S010'),(594,'2023-06-21','Thursday','Item A',200000.0000,'C00594','William Mcneill','william.mcneill@gmail.com','+62 838-651-119','S001'),(595,'2023-06-21','Thursday','Item A',200000.0000,'C00595','Dani Drew','dani.drew@gmail.com','+62 852-266-230','S003'),(596,'2023-06-21','Thursday','Item A',200000.0000,'C00596','Matthew Vass','matthew.vass@gmail.com','+62 850-389-601','S002'),(597,'2023-06-21','Thursday','Item A',200000.0000,'C00597','Aeris Judd','aeris.judd@gmail.com','+62 815-3205-737','S006'),(598,'2023-06-21','Thursday','Item A',200000.0000,'C00598','Camellia Sherry','camellia.sherry@gmail.com','+62 833-8383-629','S004'),(599,'2023-06-21','Thursday','Item A',200000.0000,'C00599','Rosie Ward','rosie.ward@gmail.com','+62 875-9805-88653','S002'),(600,'2023-06-21','Thursday','Item A',200000.0000,'C00600','Michaela Talbot','michaela.talbot@gmail.com','+62 888-5306-0944','S003'),(601,'2023-06-21','Thursday','Item A',200000.0000,'C00601','Remy Brock','remy.brock@gmail.com','+62 819-7778-78829','S010'),(602,'2023-06-21','Thursday','Item A',200000.0000,'C00602','Jennifer Booth','jennifer.booth@gmail.com','+62 875-5422-2212','S006'),(603,'2023-06-21','Thursday','Item A',200000.0000,'C00603','Logan Graves','logan.graves@gmail.com','+62 854-7265-333','S009'),(604,'2023-06-21','Thursday','Item A',200000.0000,'C00604','Carter Poole','carter.poole@gmail.com','+62 850-7439-098','S006'),(605,'2023-06-21','Thursday','Item A',200000.0000,'C00605','Alison Robinson','alison.robinso@gmail.com','+62 852-9929-4537','S009'),(606,'2023-06-21','Thursday','Item A',200000.0000,'C00606','Molly Wills','molly.wills@gmail.com','+62 821-5139-39839','S010'),(607,'2023-06-21','Thursday','Item A',200000.0000,'C00607','Nicholas Lindop','nicholas.lindop@gmail.com','+62 821-7561-7891','S001'),(608,'2023-06-21','Thursday','Item A',200000.0000,'C00608','Phillip Warden','phillip.warden@gmail.com','+62 885-2661-86169','S001'),(609,'2023-06-21','Thursday','Item A',200000.0000,'C00609','Barry Reid','barry.reid@gmail.com','+62 869-0488-72414','S009'),(610,'2023-06-21','Thursday','Item A',200000.0000,'C00610','Rosalyn Cork','rosalyn.cork@gmail.com','+62 855-8175-36295','S010'),(611,'2023-06-21','Thursday','Item A',200000.0000,'C00611','Fiona Lucas','fiona.lucas@gmail.com','+62 838-3533-89789','S008'),(612,'2023-06-21','Thursday','Item A',200000.0000,'C00612','Amy Noon','amy.noon@gmail.com','+62 895-6649-78084','S005'),(613,'2023-06-21','Thursday','Item A',200000.0000,'C00613','Percy Oldfield','percy.oldfie@gmail.com','+62 884-7906-1132','S006'),(614,'2023-06-21','Thursday','Item A',200000.0000,'C00614','Mark Yarlett','mark.yarle@gmail.com','+62 892-4261-4902','S005'),(615,'2023-06-21','Thursday','Item B',500000.0000,'C00615','Matt Tennant','matt.tenna@gmail.com','+62 891-1682-8361','S009'),(616,'2023-06-21','Thursday','Item B',500000.0000,'C00616','Leanne Robertson','leanne.roberts@gmail.com','+62 832-4043-0439','S001'),(617,'2023-06-22','Friday','Item B',500000.0000,'C00617','Alison Yang','alison.yang@gmail.com','+62 811-6510-895','S010'),(618,'2023-06-22','Friday','Item B',500000.0000,'C00618','Candice Pickard','candice.pickard@gmail.com','+62 859-3671-571','S010'),(619,'2023-06-22','Friday','Item B',500000.0000,'C00619','Gina Russell','gina.russe@gmail.com','+62 861-8156-838','S003'),(620,'2023-06-22','Friday','Item B',500000.0000,'C00620','Carter Uddin','carter.uddin@gmail.com','+62 870-1168-8773','S001'),(621,'2023-06-22','Friday','Item B',500000.0000,'C00621','Scarlett Selby','scarlett.selby@gmail.com','+62 828-4756-5993','S010'),(622,'2023-06-22','Friday','Item B',500000.0000,'C00622','Mark Butler','mark.butle@gmail.com','+62 872-825-438','S006'),(623,'2023-06-22','Friday','Item B',500000.0000,'C00623','Anthony Rixon','anthony.rixon@gmail.com','+62 830-7288-485','S006'),(624,'2023-06-22','Friday','Item B',500000.0000,'C00624','Mason Alcroft','mason.alcrof@gmail.com','+62 897-7835-022','S008'),(625,'2023-06-22','Friday','Item B',500000.0000,'C00625','Eileen Ebbs','eileen.ebbs@gmail.com','+62 853-5229-119','S010'),(626,'2023-06-22','Friday','Item B',500000.0000,'C00626','Nathan Noon','nathan.noon@gmail.com','+62 834-9236-321','S008'),(627,'2023-06-22','Friday','Item A',200000.0000,'C00627','Jacqueline Simmons','jacqueline.simmons@gmail.com','+62 831-9319-859','S004'),(628,'2023-06-22','Friday','Item A',200000.0000,'C00628','Karla Woodcock','karla.woodco@gmail.com','+62 878-485-275','S004'),(629,'2023-06-22','Friday','Item A',200000.0000,'C00629','Harvey Dobson','harvey.dobson@gmail.com','+62 857-6289-892','S010'),(630,'2023-06-22','Friday','Item A',200000.0000,'C00630','Zoe Osman','zoe.osma@gmail.com','+62 818-4778-45942','S002'),(631,'2023-06-22','Friday','Item A',200000.0000,'C00631','Adela Vallory','adela.vallor@gmail.com','+62 833-0546-5287','S006'),(632,'2023-06-22','Friday','Item A',200000.0000,'C00632','Jaylene Torres','jaylene.torres@gmail.com','+62 889-681-355','S009'),(633,'2023-06-22','Friday','Item A',200000.0000,'C00633','Johnathan Reid','johnathan.reid@gmail.com','+62 889-9019-740','S003'),(634,'2023-06-22','Friday','Item A',200000.0000,'C00634','Marvin Brown','marvin.brown@gmail.com','+62 897-3682-24307','S003'),(635,'2023-06-22','Friday','Item A',200000.0000,'C00635','Wendy Upsdell','wendy.upsdel@gmail.com','+62 858-9972-3400','S006'),(636,'2023-06-22','Friday','Item A',200000.0000,'C00636','Chad Murphy','chad.murph@gmail.com','+62 836-1304-89251','S005'),(637,'2023-06-22','Friday','Item A',200000.0000,'C00637','Leilani Eaton','leilani.eaton@gmail.com','+62 812-5718-1587','S007'),(638,'2023-06-25','Monday','Item A',200000.0000,'C00638','Samantha Nayler','samantha.nayler@gmail.com','+62 891-4198-8644','S009'),(639,'2023-06-25','Monday','Item A',200000.0000,'C00639','Tyson Richards','tyson.richar@gmail.com','+62 854-6197-129','S002'),(640,'2023-06-25','Monday','Item A',200000.0000,'C00640','Angelique Hudson','angelique.hudson@gmail.com','+62 852-1693-3063','S006'),(641,'2023-06-25','Monday','Item A',200000.0000,'C00641','Josh Whitehouse','josh.white@gmail.com','+62 853-4503-4966','S001'),(642,'2023-06-25','Monday','Item A',200000.0000,'C00642','Denny Wooldridge','denny.wooldr@gmail.com','+62 864-675-680','S009'),(643,'2023-06-25','Monday','Item A',200000.0000,'C00643','Kaylee Osmond','kaylee.osmond@gmail.com','+62 829-5360-4026','S008'),(644,'2023-06-25','Monday','Item A',200000.0000,'C00644','Manuel Moore','manuel.moore@gmail.com','+62 895-7523-7537','S008'),(645,'2023-06-25','Monday','Item A',200000.0000,'C00645','Paige Griffiths','paige.griffi@gmail.com','+62 860-2221-47053','S009'),(646,'2023-06-25','Monday','Item A',200000.0000,'C00646','Brooklyn Roth','brooklyn.roth@gmail.com','+62 811-6537-793','S001'),(647,'2023-06-25','Monday','Item A',200000.0000,'C00647','Gabriel Gray','gabriel.gray@gmail.com','+62 896-5780-820','S005'),(648,'2023-06-25','Monday','Item A',200000.0000,'C00648','Isla Casey','isla.casey@gmail.com','+62 833-585-987','S008'),(649,'2023-06-25','Monday','Item A',200000.0000,'C00649','Bryon Jobson','bryon.jobson@gmail.com','+62 859-9089-954','S010'),(650,'2023-06-25','Monday','Item A',200000.0000,'C00650','Makenzie Wilson','makenzie.wilson@gmail.com','+62 832-2077-0105','S007'),(651,'2023-06-25','Monday','Item A',200000.0000,'C00651','Tess Casey','tess.casey@gmail.com','+62 867-0998-74564','S005'),(652,'2023-06-25','Monday','Item A',200000.0000,'C00652','Barney Robinson','barney.robinso@gmail.com','+62 820-6381-417','S008'),(653,'2023-06-25','Monday','Item A',200000.0000,'C00653','Clint King','clint.king@gmail.com','+62 888-1559-613','S003'),(654,'2023-06-25','Monday','Item A',200000.0000,'C00654','Paula Cooper','paula.cooper@gmail.com','+62 861-2513-368','S006'),(655,'2023-06-25','Monday','Item A',200000.0000,'C00655','Angela Evans','angela.evans@gmail.com','+62 854-845-039','S010'),(656,'2023-06-25','Monday','Item A',200000.0000,'C00656','Aileen Michael','aileen.michael@gmail.com','+62 831-4488-836','S002'),(657,'2023-06-25','Monday','Item A',200000.0000,'C00657','Victoria Knight','victoria.knight@gmail.com','+62 892-358-564','S001'),(658,'2023-06-25','Monday','Item A',200000.0000,'C00658','Vicky Plant','vicky.plant@gmail.com','+62 889-6621-95971','S006'),(659,'2023-06-25','Monday','Item A',200000.0000,'C00659','Denis Needham','denis.needha@gmail.com','+62 835-1227-1784','S008'),(660,'2023-06-25','Monday','Item A',200000.0000,'C00660','Cynthia Lakey','cynthia.lakey@gmail.com','+62 812-8986-0780','S002'),(661,'2023-06-25','Monday','Item B',500000.0000,'C00661','Marla Jeffery','marla.jeffer@gmail.com','+62 820-419-432','S001'),(662,'2023-06-25','Monday','Item B',500000.0000,'C00662','Peter Pearson','peter.pearso@gmail.com','+62 833-931-024','S001'),(663,'2023-06-25','Monday','Item B',500000.0000,'C00663','Isla Gonzales','isla.gonza@gmail.com','+62 818-5431-941','S009'),(664,'2023-06-25','Monday','Item B',500000.0000,'C00664','Angelique Drummond','angelique.drummond@gmail.com','+62 868-6046-662','S002'),(665,'2023-06-25','Monday','Item B',500000.0000,'C00665','Morgan Roman','morgan.roman@gmail.com','+62 830-5462-739','S010'),(666,'2023-06-25','Monday','Item B',500000.0000,'C00666','Manuel Murphy','manuel.murphy@gmail.com','+62 861-044-112','S006'),(667,'2023-06-25','Monday','Item B',500000.0000,'C00667','Boris Victor','boris.victor@gmail.com','+62 816-6842-15305','S010'),(668,'2023-06-25','Monday','Item B',500000.0000,'C00668','Alba Edley','alba.edley@gmail.com','+62 858-9226-232','S010'),(669,'2023-06-25','Monday','Item B',500000.0000,'C00669','Clarissa Reid','clarissa.reid@gmail.com','+62 878-8968-433','S006'),(670,'2023-06-25','Monday','Item B',500000.0000,'C00670','Meredith Harrison','meredith.harrison@gmail.com','+62 873-6266-0665','S005'),(671,'2023-06-25','Monday','Item B',500000.0000,'C00671','Jayden Robinson','jayden.robinso@gmail.com','+62 863-819-089','S001'),(672,'2023-06-25','Monday','Item B',500000.0000,'C00672','Fred James','fred.james@gmail.com','+62 823-7167-4142','S009'),(673,'2023-06-25','Monday','Item B',500000.0000,'C00673','Livia Chapman','livia.chapma@gmail.com','+62 813-7321-713','S010'),(674,'2023-06-25','Monday','Item B',500000.0000,'C00674','Cynthia Marshall','cynthia.marshall@gmail.com','+62 864-2823-97095','S003'),(675,'2023-06-25','Monday','Item B',500000.0000,'C00675','Chloe Norburn','chloe.norbur@gmail.com','+62 826-619-717','S004'),(676,'2023-06-25','Monday','Item B',500000.0000,'C00676','Ryan Thompson','ryan.thomp@gmail.com','+62 838-9818-61630','S010'),(677,'2023-06-25','Monday','Item B',500000.0000,'C00677','Joseph Tennant','joseph.tennant@gmail.com','+62 836-7789-67371','S008'),(678,'2023-06-25','Monday','Item B',500000.0000,'C00678','Hayden Murphy','hayden.murphy@gmail.com','+62 825-4781-318','S005'),(679,'2023-06-25','Monday','Item B',500000.0000,'C00679','Rosalie Power','rosalie.power@gmail.com','+62 889-7251-089','S005'),(680,'2023-06-25','Monday','Item B',500000.0000,'C00680','Cedrick Oldfield','cedrick.oldfield@gmail.com','+62 887-626-856','S005'),(681,'2023-06-25','Monday','Item B',500000.0000,'C00681','Chuck Hudson','chuck.hudson@gmail.com','+62 833-437-988','S002'),(682,'2023-06-25','Monday','Item B',500000.0000,'C00682','Clint Reynolds','clint.reynol@gmail.com','+62 833-8103-617','S005'),(683,'2023-06-25','Monday','Item B',500000.0000,'C00683','Josh Khan','josh.khan@gmail.com','+62 866-898-797','S009'),(684,'2023-06-25','Monday','Item B',500000.0000,'C00684','Naomi Ralph','naomi.ralph@gmail.com','+62 856-1188-011','S006'),(685,'2023-06-25','Monday','Item B',500000.0000,'C00685','Aileen Rixon','aileen.rixon@gmail.com','+62 814-0896-64037','S005'),(686,'2023-06-25','Monday','Item B',500000.0000,'C00686','Marla Irving','marla.irving@gmail.com','+62 836-4183-531','S007'),(687,'2023-06-25','Monday','Item B',500000.0000,'C00687','William Watson','william.watson@gmail.com','+62 831-5150-93621','S004'),(688,'2023-06-25','Monday','Item B',500000.0000,'C00688','Cecilia Cooper','cecilia.cooper@gmail.com','+62 830-7200-86230','S010'),(689,'2023-06-25','Monday','Item B',500000.0000,'C00689','Stacy Fulton','stacy.fulton@gmail.com','+62 874-2458-54084','S004'),(690,'2023-06-25','Monday','Item B',500000.0000,'C00690','Eryn Hall','eryn.hall@gmail.com','+62 815-2942-342','S009'),(691,'2023-06-25','Monday','Item B',500000.0000,'C00691','Rae Jackson','rae.jack@gmail.com','+62 833-4092-1920','S005'),(692,'2023-06-25','Monday','Item B',500000.0000,'C00692','Eileen Sherry','eileen.sherry@gmail.com','+62 879-4003-653','S002'),(693,'2023-06-25','Monday','Item B',500000.0000,'C00693','Sara Robe','sara.robe@gmail.com','+62 870-8293-786','S008'),(694,'2023-06-25','Monday','Item B',500000.0000,'C00694','Mackenzie Morley','mackenzie.morley@gmail.com','+62 871-5243-5035','S009'),(695,'2023-06-25','Monday','Item B',500000.0000,'C00695','Danny Cooper','danny.cooper@gmail.com','+62 826-841-118','S008'),(696,'2023-06-26','Tuesday','Item B',500000.0000,'C00696','Joseph Oliver','joseph.oliver@gmail.com','+62 835-2790-6822','S004'),(697,'2023-06-26','Tuesday','Item B',500000.0000,'C00697','Mavis Kaur','mavis.kaur@gmail.com','+62 855-9624-908','S002'),(698,'2023-06-26','Tuesday','Item B',500000.0000,'C00698','Julius Baker','julius.baker@gmail.com','+62 818-488-088','S006'),(699,'2023-06-26','Tuesday','Item B',500000.0000,'C00699','Maribel Rowan','maribel.rowan@gmail.com','+62 852-0273-870','S010'),(700,'2023-06-26','Tuesday','Item B',500000.0000,'C00700','Jayden Eddison','jayden.eddison@gmail.com','+62 868-802-865','S008'),(701,'2023-06-26','Tuesday','Item B',500000.0000,'C00701','Camden Benson','camden.benson@gmail.com','+62 888-7245-879','S008'),(702,'2023-06-26','Tuesday','Item A',200000.0000,'C00702','Daniel Zaoui','daniel.zaoui@gmail.com','+62 834-6637-44134','S008'),(703,'2023-06-26','Tuesday','Item A',200000.0000,'C00703','Angel Vince','angel.vince@gmail.com','+62 892-5614-3769','S003'),(704,'2023-06-26','Tuesday','Item A',200000.0000,'C00704','Emma Allcott','emma.allco@gmail.com','+62 838-5538-7966','S010'),(705,'2023-06-26','Tuesday','Item A',200000.0000,'C00705','Lucas Holt','lucas.holt@gmail.com','+62 838-441-302','S009'),(706,'2023-06-26','Tuesday','Item A',200000.0000,'C00706','Isla Roth','isla.roth@gmail.com','+62 872-4282-83023','S003'),(707,'2023-06-26','Tuesday','Item A',200000.0000,'C00707','Bethany Chapman','bethany.chapman@gmail.com','+62 835-0521-07011','S009'),(708,'2023-06-26','Tuesday','Item A',200000.0000,'C00708','Michaela Fox','michaela.fox@gmail.com','+62 816-0355-75376','S007'),(709,'2023-06-26','Tuesday','Item A',200000.0000,'C00709','Grace Bennett','grace.bennet@gmail.com','+62 819-1212-72228','S006'),(710,'2023-06-26','Tuesday','Item A',200000.0000,'C00710','Juliet Little','juliet.little@gmail.com','+62 883-3847-730','S004'),(711,'2023-06-26','Tuesday','Item A',200000.0000,'C00711','Daron Richardson','daron.richar@gmail.com','+62 838-1480-023','S001'),(712,'2023-06-26','Tuesday','Item A',200000.0000,'C00712','Daniel Bell','daniel.bell@gmail.com','+62 814-0841-334','S001'),(713,'2023-06-26','Tuesday','Item A',200000.0000,'C00713','Jack Pratt','jack.pratt@gmail.com','+62 891-6214-76410','S001'),(714,'2023-06-26','Tuesday','Item A',200000.0000,'C00714','Tess Rogers','tess.roger@gmail.com','+62 864-2604-1990','S010'),(715,'2023-06-26','Tuesday','Item A',200000.0000,'C00715','Cristal Rossi','cristal.rossi@gmail.com','+62 810-613-294','S007'),(716,'2023-06-26','Tuesday','Item A',200000.0000,'C00716','Michael Ross','michael.ross@gmail.com','+62 836-7658-13346','S010'),(717,'2023-06-26','Tuesday','Item A',200000.0000,'C00717','Nathan Little','nathan.little@gmail.com','+62 892-7488-17584','S003'),(718,'2023-06-26','Tuesday','Item A',200000.0000,'C00718','Amy Buckley','amy.buck@gmail.com','+62 888-5320-90875','S006'),(719,'2023-06-26','Tuesday','Item A',200000.0000,'C00719','Leilani Norman','leilani.norman@gmail.com','+62 850-784-568','S009'),(720,'2023-06-26','Tuesday','Item A',200000.0000,'C00720','Alan Russell','alan.russe@gmail.com','+62 825-2815-815','S009'),(721,'2023-06-26','Tuesday','Item A',200000.0000,'C00721','Tony Rodgers','tony.rodge@gmail.com','+62 869-4785-257','S007'),(722,'2023-06-26','Tuesday','Item A',200000.0000,'C00722','Melania Mould','melania.mould@gmail.com','+62 893-0334-12876','S003'),(723,'2023-06-26','Tuesday','Item A',200000.0000,'C00723','Sabina Allcott','sabina.allcott@gmail.com','+62 828-1080-598','S009'),(724,'2023-06-26','Tuesday','Item A',200000.0000,'C00724','Jaylene Morris','jaylene.morris@gmail.com','+62 874-0522-007','S006'),(725,'2023-06-26','Tuesday','Item A',200000.0000,'C00725','Bryon Knight','bryon.knight@gmail.com','+62 886-356-916','S007'),(726,'2023-06-26','Tuesday','Item A',200000.0000,'C00726','Barry Owen','barry.owen@gmail.com','+62 867-691-966','S007'),(727,'2023-06-26','Tuesday','Item A',200000.0000,'C00727','Noah Ianson','noah.ianso@gmail.com','+62 831-0618-400','S009'),(728,'2023-06-26','Tuesday','Item A',200000.0000,'C00728','Melody Duvall','melody.duvall@gmail.com','+62 887-7614-4730','S008'),(729,'2023-06-26','Tuesday','Item A',200000.0000,'C00729','Lorraine Yoman','lorraine.yoman@gmail.com','+62 863-8188-87786','S009'),(730,'2023-06-26','Tuesday','Item A',200000.0000,'C00730','Elise Edler','elise.edler@gmail.com','+62 874-0685-9391','S004'),(731,'2023-06-26','Tuesday','Item A',200000.0000,'C00731','Jackeline Hall','jackeline.hall@gmail.com','+62 837-9424-6242','S005'),(732,'2023-06-26','Tuesday','Item A',200000.0000,'C00732','Lily Norman','lily.norma@gmail.com','+62 862-258-417','S001'),(733,'2023-06-26','Tuesday','Item A',200000.0000,'C00733','Joseph Potts','joseph.potts@gmail.com','+62 884-5763-414','S007'),(734,'2023-06-26','Tuesday','Item A',200000.0000,'C00734','Bob Donovan','bob.dono@gmail.com','+62 839-3637-691','S010'),(735,'2023-06-26','Tuesday','Item A',200000.0000,'C00735','Carter Butler','carter.butler@gmail.com','+62 812-6713-8551','S005'),(736,'2023-06-26','Tuesday','Item A',200000.0000,'C00736','Diane Moran','diane.moran@gmail.com','+62 837-2353-336','S002'),(737,'2023-06-26','Tuesday','Item A',200000.0000,'C00737','Erica Jobson','erica.jobson@gmail.com','+62 819-3295-615','S007'),(738,'2023-06-26','Tuesday','Item A',200000.0000,'C00738','Alba Radcliffe','alba.radcl@gmail.com','+62 880-6582-9117','S005'),(739,'2023-06-26','Tuesday','Item A',200000.0000,'C00739','Lana Eaton','lana.eaton@gmail.com','+62 828-5158-52367','S008'),(740,'2023-06-26','Tuesday','Item A',200000.0000,'C00740','Miley Pond','miley.pond@gmail.com','+62 837-5297-2151','S001'),(741,'2023-06-26','Tuesday','Item A',200000.0000,'C00741','Anthony Matthews','anthony.matthews@gmail.com','+62 830-9791-092','S006'),(742,'2023-06-26','Tuesday','Item A',200000.0000,'C00742','Regina Anderson','regina.anderso@gmail.com','+62 860-4185-387','S008'),(743,'2023-06-26','Tuesday','Item A',200000.0000,'C00743','Hank Rowe','hank.rowe@gmail.com','+62 812-2658-150','S001'),(744,'2023-06-26','Tuesday','Item A',200000.0000,'C00744','Michelle Giles','michelle.giles@gmail.com','+62 869-2700-542','S004'),(745,'2023-06-26','Tuesday','Item A',200000.0000,'C00745','Cedrick Osmond','cedrick.osmond@gmail.com','+62 851-8529-4005','S007'),(746,'2023-06-26','Tuesday','Item A',200000.0000,'C00746','Wade Mcnally','wade.mcnal@gmail.com','+62 896-424-458','S003'),(747,'2023-06-26','Tuesday','Item B',500000.0000,'C00747','Johnny Summers','johnny.summers@gmail.com','+62 853-1532-50333','S002'),(748,'2023-06-26','Tuesday','Item B',500000.0000,'C00748','Chester Irwin','chester.irwin@gmail.com','+62 889-8838-83736','S006'),(749,'2023-06-26','Tuesday','Item B',500000.0000,'C00749','Chadwick Thompson','chadwick.thompson@gmail.com','+62 878-8273-186','S003'),(750,'2023-06-26','Tuesday','Item B',500000.0000,'C00750','Nathan Roth','nathan.roth@gmail.com','+62 821-3661-661','S004'),(751,'2023-06-26','Tuesday','Item B',500000.0000,'C00751','Irene Ellis','irene.ellis@gmail.com','+62 884-8920-19606','S003'),(752,'2023-06-26','Tuesday','Item B',500000.0000,'C00752','Rocco Chester','rocco.cheste@gmail.com','+62 815-8862-7843','S003'),(753,'2023-06-26','Tuesday','Item B',500000.0000,'C00753','Michaela Benson','michaela.benson@gmail.com','+62 855-0619-4306','S007'),(754,'2023-06-26','Tuesday','Item B',500000.0000,'C00754','Benjamin Corbett','benjamin.corbett@gmail.com','+62 879-1949-064','S006'),(755,'2023-06-26','Tuesday','Item B',500000.0000,'C00755','Tom Antcliff','tom.antc@gmail.com','+62 839-694-259','S008'),(756,'2023-06-26','Tuesday','Item A',200000.0000,'C00756','Alexander Saunders','alexander.saunders@gmail.com','+62 860-0148-87031','S006'),(757,'2023-06-26','Tuesday','Item A',200000.0000,'C00757','Chanelle Yarwood','chanelle.yarwood@gmail.com','+62 810-4676-69756','S005'),(758,'2023-06-26','Tuesday','Item A',200000.0000,'C00758','Mavis Morrow','mavis.morrow@gmail.com','+62 832-8849-0227','S007'),(759,'2023-06-26','Tuesday','Item A',200000.0000,'C00759','Aleksandra Lloyd','aleksandra.lloyd@gmail.com','+62 888-7286-164','S006'),(760,'2023-06-26','Tuesday','Item A',200000.0000,'C00760','Martin Heaton','martin.heaton@gmail.com','+62 856-1228-7864','S004'),(761,'2023-06-26','Tuesday','Item A',200000.0000,'C00761','David Mcleod','david.mcleod@gmail.com','+62 898-2135-3407','S004'),(762,'2023-06-26','Tuesday','Item A',200000.0000,'C00762','Ema Rowe','ema.rowe@gmail.com','+62 881-1572-3947','S010'),(763,'2023-06-26','Tuesday','Item A',200000.0000,'C00763','Cassandra Mcgregor','cassandra.mcgregor@gmail.com','+62 895-9857-1032','S002'),(764,'2023-06-26','Tuesday','Item A',200000.0000,'C00764','Hayden Stewart','hayden.stewart@gmail.com','+62 850-1188-77788','S009'),(765,'2023-06-26','Tuesday','Item A',200000.0000,'C00765','Barry Lewin','barry.lewin@gmail.com','+62 851-6948-88154','S001'),(766,'2023-06-26','Tuesday','Item A',200000.0000,'C00766','Nate Moore','nate.moore@gmail.com','+62 859-8394-17863','S007'),(767,'2023-06-26','Tuesday','Item A',200000.0000,'C00767','Estrella Sherry','estrella.sherry@gmail.com','+62 882-378-610','S006'),(768,'2023-06-26','Tuesday','Item A',200000.0000,'C00768','Sadie Rowlands','sadie.rowlan@gmail.com','+62 867-3445-76007','S010'),(769,'2023-06-26','Tuesday','Item A',200000.0000,'C00769','Martin Lewis','martin.lewis@gmail.com','+62 838-697-808','S010'),(770,'2023-06-26','Tuesday','Item A',200000.0000,'C00770','Morgan Quinton','morgan.quinton@gmail.com','+62 868-0253-833','S001'),(771,'2023-06-26','Tuesday','Item A',200000.0000,'C00771','Peter Nicholls','peter.nichol@gmail.com','+62 882-8712-27662','S009'),(772,'2023-06-26','Tuesday','Item A',200000.0000,'C00772','Jack Allen','jack.allen@gmail.com','+62 880-7579-37506','S001'),(773,'2023-06-26','Tuesday','Item A',200000.0000,'C00773','Emma Clark','emma.clark@gmail.com','+62 852-6780-27997','S008'),(774,'2023-06-26','Tuesday','Item A',200000.0000,'C00774','Hank Olson','hank.olson@gmail.com','+62 859-3374-55899','S003'),(775,'2023-06-26','Tuesday','Item A',200000.0000,'C00775','Wendy Flanders','wendy.flande@gmail.com','+62 837-6630-687','S004'),(776,'2023-06-26','Tuesday','Item A',200000.0000,'C00776','Martha Stewart','martha.stewart@gmail.com','+62 822-2787-582','S005'),(777,'2023-06-26','Tuesday','Item A',200000.0000,'C00777','Sofie Oatway','sofie.oatway@gmail.com','+62 886-038-694','S010'),(778,'2023-06-26','Tuesday','Item A',200000.0000,'C00778','Barney Pierce','barney.pierce@gmail.com','+62 894-1570-3957','S008'),(779,'2023-06-26','Tuesday','Item A',200000.0000,'C00779','Molly Hall','molly.hall@gmail.com','+62 865-9870-58888','S009'),(780,'2023-06-26','Tuesday','Item B',500000.0000,'C00780','Gwen Cann','gwen.cann@gmail.com','+62 859-4061-1571','S007'),(781,'2023-06-26','Tuesday','Item B',500000.0000,'C00781','David Flett','david.flett@gmail.com','+62 837-3445-687','S009'),(782,'2023-06-26','Tuesday','Item B',500000.0000,'C00782','Carolyn Young','carolyn.young@gmail.com','+62 898-6841-202','S001'),(783,'2023-06-26','Tuesday','Item B',500000.0000,'C00783','Joseph Penn','joseph.penn@gmail.com','+62 857-3191-258','S007'),(784,'2023-06-26','Tuesday','Item B',500000.0000,'C00784','Mandy Chadwick','mandy.chadwi@gmail.com','+62 876-4918-873','S009'),(785,'2023-06-26','Tuesday','Item B',500000.0000,'C00785','Rick Brown','rick.brown@gmail.com','+62 892-4323-4748','S010'),(786,'2023-06-26','Tuesday','Item B',500000.0000,'C00786','Erick Stewart','erick.stewar@gmail.com','+62 826-2442-412','S003'),(787,'2023-06-26','Tuesday','Item B',500000.0000,'C00787','Davina Vincent','davina.vincent@gmail.com','+62 825-7980-66007','S010'),(788,'2023-06-26','Tuesday','Item B',500000.0000,'C00788','Hailey Waterson','hailey.waterso@gmail.com','+62 820-3197-57519','S008'),(789,'2023-06-26','Tuesday','Item B',500000.0000,'C00789','Aiden Mccall','aiden.mccall@gmail.com','+62 887-049-783','S007'),(790,'2023-06-26','Tuesday','Item B',500000.0000,'C00790','Elijah Ulyatt','elijah.ulyatt@gmail.com','+62 869-6068-5540','S008'),(791,'2023-06-26','Tuesday','Item B',500000.0000,'C00791','Renee King','renee.king@gmail.com','+62 823-580-716','S008'),(792,'2023-06-26','Tuesday','Item A',200000.0000,'C00792','Chad Notman','chad.notma@gmail.com','+62 864-519-240','S001'),(793,'2023-06-26','Tuesday','Item A',200000.0000,'C00793','Joseph Lane','joseph.lane@gmail.com','+62 829-3272-5860','S008'),(794,'2023-06-26','Tuesday','Item A',200000.0000,'C00794','Denis Bryant','denis.bryant@gmail.com','+62 873-649-206','S005'),(795,'2023-06-26','Tuesday','Item A',200000.0000,'C00795','Fred Rothwell','fred.rothw@gmail.com','+62 891-7664-3224','S001'),(796,'2023-06-26','Tuesday','Item A',200000.0000,'C00796','Rita Rose','rita.rose@gmail.com','+62 893-7612-41492','S005'),(797,'2023-06-26','Tuesday','Item A',200000.0000,'C00797','Cherish Poulton','cherish.poulton@gmail.com','+62 896-6530-458','S003'),(798,'2023-06-26','Tuesday','Item A',200000.0000,'C00798','Amy Lynn','amy.lynn@gmail.com','+62 827-642-626','S010'),(799,'2023-06-26','Tuesday','Item A',200000.0000,'C00799','Lorraine Harper','lorraine.harper@gmail.com','+62 810-670-975','S003'),(800,'2023-06-26','Tuesday','Item A',200000.0000,'C00800','Enoch Benson','enoch.benson@gmail.com','+62 820-0195-268','S008'),(801,'2023-06-26','Tuesday','Item A',200000.0000,'C00801','Bryon Swan','bryon.swan@gmail.com','+62 853-1272-101','S008'),(802,'2023-06-26','Tuesday','Item A',200000.0000,'C00802','Javier Bailey','javier.bailey@gmail.com','+62 896-1844-387','S010'),(803,'2023-06-26','Tuesday','Item A',200000.0000,'C00803','Daria Davies','daria.davies@gmail.com','+62 821-0182-334','S006'),(804,'2023-06-26','Tuesday','Item A',200000.0000,'C00804','Carina Palmer','carina.palmer@gmail.com','+62 825-2561-0467','S008'),(805,'2023-06-26','Tuesday','Item A',200000.0000,'C00805','Johnny Richards','johnny.richard@gmail.com','+62 868-1496-3505','S010'),(806,'2023-06-26','Tuesday','Item B',500000.0000,'C00806','Tom Abbot','tom.abbo@gmail.com','+62 811-3283-3666','S001'),(807,'2023-06-26','Tuesday','Item B',500000.0000,'C00807','Danny Alcroft','danny.alcrof@gmail.com','+62 851-037-971','S002'),(808,'2023-06-26','Tuesday','Item B',500000.0000,'C00808','Amelia Baker','amelia.baker@gmail.com','+62 873-748-301','S010'),(809,'2023-06-26','Tuesday','Item B',500000.0000,'C00809','Hazel Owen','hazel.owen@gmail.com','+62 828-2786-8305','S010'),(810,'2023-06-26','Tuesday','Item B',500000.0000,'C00810','Anabelle Knight','anabelle.knight@gmail.com','+62 896-193-852','S002'),(811,'2023-06-26','Tuesday','Item B',500000.0000,'C00811','Jamie Knight','jamie.knight@gmail.com','+62 815-747-984','S001'),(812,'2023-06-26','Tuesday','Item B',500000.0000,'C00812','Anabelle Knight','anabelle.knight@gmail.com','+62 877-6019-1526','S001'),(813,'2023-06-26','Tuesday','Item B',500000.0000,'C00813','Eduardo Wise','eduardo.wise@gmail.com','+62 827-876-323','S007'),(814,'2023-06-26','Tuesday','Item A',200000.0000,'C00814','Macy Vernon','macy.verno@gmail.com','+62 831-6785-45204','S003'),(815,'2023-06-26','Tuesday','Item A',200000.0000,'C00815','Adeline Ranks','adeline.ranks@gmail.com','+62 861-7633-89792','S006'),(816,'2023-06-26','Tuesday','Item A',200000.0000,'C00816','Johnny Ianson','johnny.ianson@gmail.com','+62 895-9776-75000','S001'),(817,'2023-06-26','Tuesday','Item A',200000.0000,'C00817','Johnny Dwyer','johnny.dwyer@gmail.com','+62 889-3873-5124','S008'),(818,'2023-06-26','Tuesday','Item A',200000.0000,'C00818','Manuel York','manuel.york@gmail.com','+62 811-7412-64641','S003'),(819,'2023-06-26','Tuesday','Item A',200000.0000,'C00819','Elise Reynolds','elise.reynol@gmail.com','+62 833-478-804','S008'),(820,'2023-06-26','Tuesday','Item A',200000.0000,'C00820','Kassandra Fall','kassandra.fall@gmail.com','+62 814-277-518','S008'),(821,'2023-06-27','Wednesday','Item A',200000.0000,'C00821','Maggie Zaoui','maggie.zaoui@gmail.com','+62 859-7801-367','S005'),(822,'2023-06-27','Wednesday','Item A',200000.0000,'C00822','Felicity Jenkins','felicity.jenkins@gmail.com','+62 834-4670-16696','S009'),(823,'2023-06-27','Wednesday','Item A',200000.0000,'C00823','Liliana Goldsmith','liliana.goldsmit@gmail.com','+62 872-6075-88555','S007'),(824,'2023-06-27','Wednesday','Item A',200000.0000,'C00824','Shannon Stark','shannon.stark@gmail.com','+62 888-472-599','S009'),(825,'2023-06-27','Wednesday','Item A',200000.0000,'C00825','Noemi Spencer','noemi.spence@gmail.com','+62 884-4585-534','S002'),(826,'2023-06-27','Wednesday','Item A',200000.0000,'C00826','Ryan Simpson','ryan.simps@gmail.com','+62 829-499-007','S009'),(827,'2023-06-27','Wednesday','Item A',200000.0000,'C00827','Madison Lindop','madison.lindop@gmail.com','+62 813-579-873','S008'),(828,'2023-06-27','Wednesday','Item A',200000.0000,'C00828','Peter Murphy','peter.murphy@gmail.com','+62 882-8417-7236','S006'),(829,'2023-06-27','Wednesday','Item A',200000.0000,'C00829','Anais Ranks','anais.ranks@gmail.com','+62 855-7813-2281','S002'),(830,'2023-06-27','Wednesday','Item A',200000.0000,'C00830','Mina Ebbs','mina.ebbs@gmail.com','+62 817-3039-406','S005'),(831,'2023-06-27','Wednesday','Item A',200000.0000,'C00831','Ryan Jones','ryan.jones@gmail.com','+62 860-4718-784','S008'),(832,'2023-06-27','Wednesday','Item A',200000.0000,'C00832','Mackenzie Hardwick','mackenzie.hardwick@gmail.com','+62 816-8796-71958','S003'),(833,'2023-06-27','Wednesday','Item A',200000.0000,'C00833','William Ellison','william.ellison@gmail.com','+62 883-076-726','S004'),(834,'2023-06-27','Wednesday','Item A',200000.0000,'C00834','Ethan Owen','ethan.owen@gmail.com','+62 894-0658-76171','S009'),(835,'2023-06-27','Wednesday','Item A',200000.0000,'C00835','Rhea Wright','rhea.wrigh@gmail.com','+62 836-518-021','S007'),(836,'2023-06-27','Wednesday','Item A',200000.0000,'C00836','Brooklyn Taylor','brooklyn.taylor@gmail.com','+62 882-2401-941','S003'),(837,'2023-06-27','Wednesday','Item A',200000.0000,'C00837','Mason Clark','mason.clark@gmail.com','+62 839-237-092','S009'),(838,'2023-06-27','Wednesday','Item A',200000.0000,'C00838','Belinda Wade','belinda.wade@gmail.com','+62 878-3117-33556','S010'),(839,'2023-06-27','Wednesday','Item A',200000.0000,'C00839','Kieth Gosling','kieth.goslin@gmail.com','+62 863-382-002','S007'),(840,'2023-06-27','Wednesday','Item A',200000.0000,'C00840','Clarissa Amstead','clarissa.amstead@gmail.com','+62 898-2717-81467','S009'),(841,'2023-06-27','Wednesday','Item A',200000.0000,'C00841','Ramon Griffiths','ramon.griffi@gmail.com','+62 836-9134-501','S005'),(842,'2023-06-27','Wednesday','Item A',200000.0000,'C00842','Jazmin Sheldon','jazmin.sheldon@gmail.com','+62 824-796-401','S004'),(843,'2023-06-28','Thursday','Item A',200000.0000,'C00843','Margaret Larkin','margaret.larkin@gmail.com','+62 881-5411-209','S007'),(844,'2023-06-28','Thursday','Item A',200000.0000,'C00844','Chad Marshall','chad.marsh@gmail.com','+62 816-4383-723','S003'),(845,'2023-06-28','Thursday','Item A',200000.0000,'C00845','Tyson Collingwood','tyson.collin@gmail.com','+62 862-022-490','S002'),(846,'2023-06-28','Thursday','Item A',200000.0000,'C00846','Owen Powell','owen.powel@gmail.com','+62 886-5596-88397','S009'),(847,'2023-06-28','Thursday','Item A',200000.0000,'C00847','Isabella Jobson','isabella.jobson@gmail.com','+62 851-138-865','S004'),(848,'2023-06-28','Thursday','Item A',200000.0000,'C00848','Paula Brooks','paula.brooks@gmail.com','+62 834-6081-9548','S004'),(849,'2023-06-28','Thursday','Item A',200000.0000,'C00849','Carina Mcnally','carina.mcnally@gmail.com','+62 850-9925-945','S003'),(850,'2023-06-28','Thursday','Item A',200000.0000,'C00850','Clint Stubbs','clint.stubbs@gmail.com','+62 817-3277-482','S005'),(851,'2023-06-28','Thursday','Item A',200000.0000,'C00851','Isla Bennett','isla.benne@gmail.com','+62 850-0739-859','S002'),(852,'2023-06-28','Thursday','Item A',200000.0000,'C00852','Jaylene Herbert','jaylene.herbert@gmail.com','+62 853-350-808','S006'),(853,'2023-06-28','Thursday','Item A',200000.0000,'C00853','Johnny Yates','johnny.yates@gmail.com','+62 810-1632-528','S006'),(854,'2023-06-28','Thursday','Item A',200000.0000,'C00854','Domenic Waterson','domenic.waterson@gmail.com','+62 873-163-453','S008'),(855,'2023-06-28','Thursday','Item B',500000.0000,'C00855','Helen Bingham','helen.bingha@gmail.com','+62 899-5923-082','S003'),(856,'2023-06-28','Thursday','Item B',500000.0000,'C00856','Julius Jarvis','julius.jarvis@gmail.com','+62 820-7687-3742','S007'),(857,'2023-06-28','Thursday','Item B',500000.0000,'C00857','Alex Morris','alex.morri@gmail.com','+62 867-7038-337','S008'),(858,'2023-06-28','Thursday','Item B',500000.0000,'C00858','Percy Hunter','percy.hunter@gmail.com','+62 895-3153-4665','S004'),(859,'2023-06-28','Thursday','Item B',500000.0000,'C00859','Thea Selby','thea.selby@gmail.com','+62 810-750-780','S001'),(860,'2023-06-28','Thursday','Item B',500000.0000,'C00860','Jules Thorne','jules.thorne@gmail.com','+62 850-0030-376','S010'),(861,'2023-06-28','Thursday','Item B',500000.0000,'C00861','Rick Thompson','rick.thomp@gmail.com','+62 892-8265-008','S007'),(862,'2023-06-28','Thursday','Item B',500000.0000,'C00862','Gwenyth Tutton','gwenyth.tutton@gmail.com','+62 885-9032-183','S007'),(863,'2023-06-28','Thursday','Item B',500000.0000,'C00863','Dalia Casey','dalia.casey@gmail.com','+62 820-7365-6282','S009'),(864,'2023-06-28','Thursday','Item B',500000.0000,'C00864','Elisabeth Harris','elisabeth.harris@gmail.com','+62 850-2544-543','S001'),(865,'2023-06-28','Thursday','Item B',500000.0000,'C00865','Anthony Osmond','anthony.osmond@gmail.com','+62 868-0465-4751','S004'),(866,'2023-06-28','Thursday','Item B',500000.0000,'C00866','Peyton Thornton','peyton.thornto@gmail.com','+62 883-649-937','S010'),(867,'2023-06-28','Thursday','Item A',200000.0000,'C00867','Domenic Pope','domenic.pope@gmail.com','+62 897-562-382','S009'),(868,'2023-06-28','Thursday','Item A',200000.0000,'C00868','Melody Ellison','melody.ellison@gmail.com','+62 831-4217-02563','S006'),(869,'2023-06-28','Thursday','Item A',200000.0000,'C00869','Rick Lowe','rick.lowe@gmail.com','+62 892-0728-825','S002'),(870,'2023-06-28','Thursday','Item A',200000.0000,'C00870','Kurt Tate','kurt.tate@gmail.com','+62 884-2455-52379','S005'),(871,'2023-06-28','Thursday','Item A',200000.0000,'C00871','Anthony Corbett','anthony.corbett@gmail.com','+62 814-5185-1658','S004'),(872,'2023-06-29','Friday','Item A',200000.0000,'C00872','Wendy Moran','wendy.moran@gmail.com','+62 889-5742-458','S003'),(873,'2023-06-29','Friday','Item A',200000.0000,'C00873','Enoch Jeffery','enoch.jeffer@gmail.com','+62 859-1907-5485','S004'),(874,'2023-06-29','Friday','Item A',200000.0000,'C00874','Skylar Jenkins','skylar.jenkins@gmail.com','+62 810-6337-5330','S007'),(875,'2023-06-29','Friday','Item A',200000.0000,'C00875','Caydence Plant','caydence.plant@gmail.com','+62 884-7083-316','S008'),(876,'2023-06-29','Friday','Item A',200000.0000,'C00876','Roger Wills','roger.wills@gmail.com','+62 857-9528-534','S001'),(877,'2023-06-29','Friday','Item A',200000.0000,'C00877','George Upton','george.upton@gmail.com','+62 828-5628-2933','S008'),(878,'2023-06-29','Friday','Item A',200000.0000,'C00878','Hayden Wilde','hayden.wilde@gmail.com','+62 833-2177-90547','S009'),(879,'2023-06-29','Friday','Item A',200000.0000,'C00879','Chad Warren','chad.warre@gmail.com','+62 816-5933-881','S002'),(880,'2023-06-29','Friday','Item A',200000.0000,'C00880','Carl Goodman','carl.goodm@gmail.com','+62 865-3502-30517','S003'),(881,'2023-06-29','Friday','Item A',200000.0000,'C00881','Alan Wise','alan.wise@gmail.com','+62 837-4559-28795','S004'),(882,'2023-06-29','Friday','Item A',200000.0000,'C00882','Payton Burnley','payton.burnley@gmail.com','+62 839-5438-168','S007'),(883,'2023-06-29','Friday','Item A',200000.0000,'C00883','Rose Thomson','rose.thoms@gmail.com','+62 822-3297-1939','S005'),(884,'2023-06-29','Friday','Item A',200000.0000,'C00884','Kurt Turner','kurt.turne@gmail.com','+62 828-0308-87176','S007'),(885,'2023-06-29','Friday','Item A',200000.0000,'C00885','Harvey Archer','harvey.archer@gmail.com','+62 899-2179-659','S005'),(886,'2023-06-29','Friday','Item A',200000.0000,'C00886','Caleb Hilton','caleb.hilton@gmail.com','+62 822-380-115','S006'),(887,'2023-06-29','Friday','Item A',200000.0000,'C00887','George Ingram','george.ingram@gmail.com','+62 835-7476-0774','S006'),(888,'2023-06-29','Friday','Item A',200000.0000,'C00888','Ron Shields','ron.shie@gmail.com','+62 871-564-921','S001'),(889,'2023-06-29','Friday','Item A',200000.0000,'C00889','Hank Barrett','hank.barre@gmail.com','+62 898-2611-60307','S002'),(890,'2023-06-29','Friday','Item A',200000.0000,'C00890','David Gray','david.gray@gmail.com','+62 891-9397-89758','S002'),(891,'2023-06-29','Friday','Item A',200000.0000,'C00891','Chester Norton','chester.norton@gmail.com','+62 812-9611-84186','S005'),(892,'2023-06-29','Friday','Item A',200000.0000,'C00892','Allison Murphy','allison.murphy@gmail.com','+62 870-0319-39514','S009'),(893,'2023-06-29','Friday','Item A',200000.0000,'C00893','Alessandra Larkin','alessandra.larkin@gmail.com','+62 812-3769-28288','S003'),(894,'2023-06-29','Friday','Item A',200000.0000,'C00894','Caydence Ward','caydence.ward@gmail.com','+62 834-734-245','S004'),(895,'2023-06-29','Friday','Item A',200000.0000,'C00895','Clint Roth','clint.roth@gmail.com','+62 834-063-717','S005'),(896,'2023-06-29','Friday','Item A',200000.0000,'C00896','Priscilla Saunders','priscilla.saunders@gmail.com','+62 877-6047-15356','S004'),(897,'2023-07-02','Monday','Item A',200000.0000,'C00897','Wade Maxwell','wade.maxwe@gmail.com','+62 835-8720-8028','S008'),(898,'2023-07-02','Monday','Item A',200000.0000,'C00898','Evie Doherty','evie.doher@gmail.com','+62 850-053-822','S003'),(899,'2023-07-02','Monday','Item A',200000.0000,'C00899','Peyton Edmonds','peyton.edmonds@gmail.com','+62 824-1210-7653','S005'),(900,'2023-07-02','Monday','Item A',200000.0000,'C00900','Rocco Kidd','rocco.kidd@gmail.com','+62 852-6442-3352','S004'),(901,'2023-07-02','Monday','Item A',200000.0000,'C00901','Matt Evans','matt.evans@gmail.com','+62 864-4592-317','S008'),(902,'2023-07-02','Monday','Item A',200000.0000,'C00902','Mabel Crawley','mabel.crawle@gmail.com','+62 817-3652-915','S003'),(903,'2023-07-02','Monday','Item A',200000.0000,'C00903','Mackenzie Stubbs','mackenzie.stubbs@gmail.com','+62 889-8381-462','S003'),(904,'2023-07-02','Monday','Item A',200000.0000,'C00904','Wade Swan','wade.swan@gmail.com','+62 814-1021-430','S002'),(905,'2023-07-02','Monday','Item A',200000.0000,'C00905','Leilani Truscott','leilani.truscott@gmail.com','+62 853-4416-10884','S009'),(906,'2023-07-02','Monday','Item A',200000.0000,'C00906','Vera Evans','vera.evans@gmail.com','+62 826-3889-09386','S001'),(907,'2023-07-02','Monday','Item A',200000.0000,'C00907','Manuel Pearce','manuel.pearce@gmail.com','+62 861-3463-86971','S003'),(908,'2023-07-02','Monday','Item B',500000.0000,'C00908','Jaylene Woodcock','jaylene.woodcock@gmail.com','+62 895-100-403','S003'),(909,'2023-07-02','Monday','Item B',500000.0000,'C00909','Benny Khan','benny.khan@gmail.com','+62 868-418-681','S003'),(910,'2023-07-02','Monday','Item B',500000.0000,'C00910','Nathan Lucas','nathan.lucas@gmail.com','+62 856-3861-963','S001'),(911,'2023-07-02','Monday','Item B',500000.0000,'C00911','Tess Dickson','tess.dicks@gmail.com','+62 879-657-873','S009'),(912,'2023-07-02','Monday','Item B',500000.0000,'C00912','Benjamin Bryant','benjamin.bryant@gmail.com','+62 868-5163-996','S004'),(913,'2023-07-02','Monday','Item B',500000.0000,'C00913','Judith Hale','judith.hale@gmail.com','+62 888-824-535','S005'),(914,'2023-07-02','Monday','Item B',500000.0000,'C00914','Tyson Wallace','tyson.wallac@gmail.com','+62 869-779-594','S001'),(915,'2023-07-02','Monday','Item B',500000.0000,'C00915','Amelia Middleton','amelia.middlet@gmail.com','+62 885-5265-4912','S007'),(916,'2023-07-02','Monday','Item B',500000.0000,'C00916','Benjamin Wright','benjamin.wright@gmail.com','+62 879-402-934','S004'),(917,'2023-07-02','Monday','Item A',200000.0000,'C00917','Katelyn Darcy','katelyn.darcy@gmail.com','+62 852-5216-214','S001'),(918,'2023-07-02','Monday','Item A',200000.0000,'C00918','Trisha Shaw','trisha.shaw@gmail.com','+62 863-9801-537','S009'),(919,'2023-07-02','Monday','Item A',200000.0000,'C00919','Belinda Hammond','belinda.hammond@gmail.com','+62 838-084-804','S006'),(920,'2023-07-02','Monday','Item A',200000.0000,'C00920','Chelsea Addley','chelsea.addley@gmail.com','+62 867-1743-059','S006'),(921,'2023-07-02','Monday','Item A',200000.0000,'C00921','Callie Talbot','callie.talbot@gmail.com','+62 811-7907-2061','S008'),(922,'2023-07-02','Monday','Item A',200000.0000,'C00922','Phillip Thatcher','phillip.thatcher@gmail.com','+62 830-299-197','S009'),(923,'2023-07-02','Monday','Item A',200000.0000,'C00923','Ryan Dobson','ryan.dobso@gmail.com','+62 892-8787-769','S010'),(924,'2023-07-02','Monday','Item A',200000.0000,'C00924','Adalie Thorne','adalie.thorne@gmail.com','+62 895-591-176','S010'),(925,'2023-07-02','Monday','Item A',200000.0000,'C00925','Enoch Umney','enoch.umney@gmail.com','+62 812-9518-792','S003'),(926,'2023-07-02','Monday','Item A',200000.0000,'C00926','Marjorie Jackson','marjorie.jackson@gmail.com','+62 823-8105-377','S006'),(927,'2023-07-02','Monday','Item A',200000.0000,'C00927','Hayden Gregory','hayden.gregory@gmail.com','+62 868-388-926','S004'),(928,'2023-07-02','Monday','Item A',200000.0000,'C00928','Julius Allen','julius.allen@gmail.com','+62 876-0715-31989','S002'),(929,'2023-07-02','Monday','Item A',200000.0000,'C00929','Mark Forth','mark.forth@gmail.com','+62 887-0947-484','S009'),(930,'2023-07-03','Tuesday','Item A',200000.0000,'C00930','Laila Thatcher','laila.thatch@gmail.com','+62 820-662-849','S005'),(931,'2023-07-03','Tuesday','Item A',200000.0000,'C00931','Alan Bailey','alan.baile@gmail.com','+62 852-0064-61990','S007'),(932,'2023-07-03','Tuesday','Item A',200000.0000,'C00932','Cedrick Stuart','cedrick.stuart@gmail.com','+62 827-248-321','S009'),(933,'2023-07-03','Tuesday','Item A',200000.0000,'C00933','Tyson Tindall','tyson.tindal@gmail.com','+62 827-8772-21438','S004'),(934,'2023-07-03','Tuesday','Item A',200000.0000,'C00934','Roger Denton','roger.denton@gmail.com','+62 873-4502-7541','S004'),(935,'2023-07-03','Tuesday','Item A',200000.0000,'C00935','Angela Villiger','angela.villige@gmail.com','+62 828-6798-3487','S007'),(936,'2023-07-03','Tuesday','Item A',200000.0000,'C00936','Ilona Fox','ilona.fox@gmail.com','+62 855-9526-02898','S004'),(937,'2023-07-03','Tuesday','Item A',200000.0000,'C00937','Boris Evans','boris.evans@gmail.com','+62 893-7059-08132','S007'),(938,'2023-07-03','Tuesday','Item A',200000.0000,'C00938','Ilona Hopkins','ilona.hopkin@gmail.com','+62 891-735-402','S007'),(939,'2023-07-03','Tuesday','Item A',200000.0000,'C00939','Carl Donnelly','carl.donne@gmail.com','+62 857-3074-18088','S004'),(940,'2023-07-03','Tuesday','Item A',200000.0000,'C00940','Leroy Yang','leroy.yang@gmail.com','+62 828-472-869','S001'),(941,'2023-07-03','Tuesday','Item A',200000.0000,'C00941','Michaela Hastings','michaela.hastings@gmail.com','+62 821-3908-186','S009'),(942,'2023-07-03','Tuesday','Item A',200000.0000,'C00942','Beatrice Addley','beatrice.addley@gmail.com','+62 825-7338-369','S010'),(943,'2023-07-03','Tuesday','Item A',200000.0000,'C00943','Gabriel King','gabriel.king@gmail.com','+62 828-175-980','S003'),(944,'2023-07-03','Tuesday','Item A',200000.0000,'C00944','Martin Aldridge','martin.aldridg@gmail.com','+62 867-4903-9918','S002'),(945,'2023-07-03','Tuesday','Item A',200000.0000,'C00945','Barney Paterson','barney.paterso@gmail.com','+62 834-3639-641','S009'),(946,'2023-07-03','Tuesday','Item A',200000.0000,'C00946','Gil Button','gil.butt@gmail.com','+62 869-1054-0921','S006'),(947,'2023-07-03','Tuesday','Item A',200000.0000,'C00947','Kenzie Evans','kenzie.evans@gmail.com','+62 831-664-081','S002'),(948,'2023-07-03','Tuesday','Item A',200000.0000,'C00948','John Barclay','john.barcl@gmail.com','+62 883-5349-80710','S006'),(949,'2023-07-03','Tuesday','Item A',200000.0000,'C00949','Ciara Wellington','ciara.wellin@gmail.com','+62 815-8956-074','S001'),(950,'2023-07-03','Tuesday','Item A',200000.0000,'C00950','Cara Harvey','cara.harve@gmail.com','+62 859-206-972','S002'),(951,'2023-07-03','Tuesday','Item A',200000.0000,'C00951','Matt Leigh','matt.leigh@gmail.com','+62 862-0286-060','S010'),(952,'2023-07-03','Tuesday','Item A',200000.0000,'C00952','Harvey Emmett','harvey.emmett@gmail.com','+62 822-9059-7175','S003'),(953,'2023-07-03','Tuesday','Item B',500000.0000,'C00953','Luke Needham','luke.needh@gmail.com','+62 882-8681-2139','S004'),(954,'2023-07-03','Tuesday','Item B',500000.0000,'C00954','Leilani Clayton','leilani.clayton@gmail.com','+62 838-5128-2210','S007'),(955,'2023-07-03','Tuesday','Item B',500000.0000,'C00955','Barry Vane','barry.vane@gmail.com','+62 865-9692-3489','S009'),(956,'2023-07-03','Tuesday','Item B',500000.0000,'C00956','Tara Vallory','tara.vallo@gmail.com','+62 855-6585-4067','S007'),(957,'2023-07-03','Tuesday','Item B',500000.0000,'C00957','Brooklyn Rosenbloom','brooklyn.rosenbloo@gmail.com','+62 898-6129-83670','S003'),(958,'2023-07-03','Tuesday','Item B',500000.0000,'C00958','Lauren Barclay','lauren.barclay@gmail.com','+62 864-549-507','S007'),(959,'2023-07-03','Tuesday','Item B',500000.0000,'C00959','Johnathan Seymour','johnathan.seymour@gmail.com','+62 870-3542-27915','S002'),(960,'2023-07-03','Tuesday','Item B',500000.0000,'C00960','Chadwick Upsdell','chadwick.upsdell@gmail.com','+62 863-229-617','S003'),(961,'2023-07-03','Tuesday','Item B',500000.0000,'C00961','Denis Santos','denis.santos@gmail.com','+62 887-854-990','S002'),(962,'2023-07-03','Tuesday','Item B',500000.0000,'C00962','Elijah Lynn','elijah.lynn@gmail.com','+62 893-7332-514','S003'),(963,'2023-07-04','Wednesday','Item A',200000.0000,'C00963','Stacy Harrington','stacy.harrin@gmail.com','+62 814-7899-090','S002'),(964,'2023-07-04','Wednesday','Item A',200000.0000,'C00964','Tony Stanley','tony.stanl@gmail.com','+62 893-6868-8223','S009'),(965,'2023-07-04','Wednesday','Item A',200000.0000,'C00965','Scarlett Boyle','scarlett.boyle@gmail.com','+62 838-1050-932','S006'),(966,'2023-07-04','Wednesday','Item A',200000.0000,'C00966','Goldie Emmett','goldie.emmett@gmail.com','+62 881-5974-653','S002'),(967,'2023-07-04','Wednesday','Item A',200000.0000,'C00967','Jaylene Utterson','jaylene.utterson@gmail.com','+62 813-3337-82834','S004'),(968,'2023-07-04','Wednesday','Item A',200000.0000,'C00968','Michael Quinn','michael.quinn@gmail.com','+62 866-648-653','S002'),(969,'2023-07-04','Wednesday','Item A',200000.0000,'C00969','Lucas Hopkins','lucas.hopkin@gmail.com','+62 813-1829-79425','S009'),(970,'2023-07-04','Wednesday','Item A',200000.0000,'C00970','Caitlyn Hogg','caitlyn.hogg@gmail.com','+62 824-8821-3583','S004'),(971,'2023-07-04','Wednesday','Item A',200000.0000,'C00971','Chloe Allcott','chloe.allcot@gmail.com','+62 853-0559-50023','S004'),(972,'2023-07-04','Wednesday','Item A',200000.0000,'C00972','Hank London','hank.londo@gmail.com','+62 889-9922-09284','S006'),(973,'2023-07-04','Wednesday','Item A',200000.0000,'C00973','Allison Morgan','allison.morgan@gmail.com','+62 814-7022-090','S009'),(974,'2023-07-04','Wednesday','Item A',200000.0000,'C00974','Luke Haines','luke.haine@gmail.com','+62 830-1869-27548','S007'),(975,'2023-07-04','Wednesday','Item A',200000.0000,'C00975','Hank Lloyd','hank.lloyd@gmail.com','+62 885-2202-6417','S009'),(976,'2023-07-04','Wednesday','Item A',200000.0000,'C00976','Abdul Khan','abdul.khan@gmail.com','+62 828-8481-42180','S004'),(977,'2023-07-04','Wednesday','Item A',200000.0000,'C00977','Nathan Allington','nathan.allingt@gmail.com','+62 839-1192-20472','S009'),(978,'2023-07-04','Wednesday','Item A',200000.0000,'C00978','Angelica Fox','angelica.fox@gmail.com','+62 860-2444-338','S005'),(979,'2023-07-04','Wednesday','Item A',200000.0000,'C00979','Sebastian Howard','sebastian.howard@gmail.com','+62 851-2874-948','S001'),(980,'2023-07-04','Wednesday','Item A',200000.0000,'C00980','Rylee Clayton','rylee.clayto@gmail.com','+62 864-8884-21955','S001'),(981,'2023-07-04','Wednesday','Item A',200000.0000,'C00981','Parker Cattell','parker.cattell@gmail.com','+62 822-7533-046','S004'),(982,'2023-07-04','Wednesday','Item A',200000.0000,'C00982','Caitlyn Vallory','caitlyn.vallory@gmail.com','+62 832-8302-5113','S001'),(983,'2023-07-04','Wednesday','Item A',200000.0000,'C00983','Carter Scott','carter.scott@gmail.com','+62 868-9445-273','S002'),(984,'2023-07-04','Wednesday','Item A',200000.0000,'C00984','Noemi Russel','noemi.russel@gmail.com','+62 857-1163-8637','S006'),(985,'2023-07-04','Wednesday','Item A',200000.0000,'C00985','Owen Price','owen.price@gmail.com','+62 866-107-639','S002'),(986,'2023-07-04','Wednesday','Item A',200000.0000,'C00986','Chad Rothwell','chad.rothw@gmail.com','+62 819-233-254','S008'),(987,'2023-07-04','Wednesday','Item A',200000.0000,'C00987','Roger Knight','roger.knight@gmail.com','+62 812-5900-902','S001'),(988,'2023-07-04','Wednesday','Item B',500000.0000,'C00988','Katelyn Cadman','katelyn.cadman@gmail.com','+62 889-796-040','S001'),(989,'2023-07-04','Wednesday','Item B',500000.0000,'C00989','Summer Marshall','summer.marshal@gmail.com','+62 835-9484-808','S001'),(990,'2023-07-04','Wednesday','Item B',500000.0000,'C00990','Aisha Funnell','aisha.funnel@gmail.com','+62 819-8356-739','S002'),(991,'2023-07-04','Wednesday','Item A',200000.0000,'C00991','Alba Woods','alba.woods@gmail.com','+62 884-300-283','S003'),(992,'2023-07-04','Wednesday','Item A',200000.0000,'C00992','Allison Hunter','allison.hunter@gmail.com','+62 863-424-666','S001'),(993,'2023-07-04','Wednesday','Item A',200000.0000,'C00993','William York','william.york@gmail.com','+62 813-4108-27780','S005'),(994,'2023-07-04','Wednesday','Item A',200000.0000,'C00994','Alexia Mccormick','alexia.mccormi@gmail.com','+62 826-2897-196','S004'),(995,'2023-07-04','Wednesday','Item A',200000.0000,'C00995','Anabel Robinson','anabel.robinso@gmail.com','+62 873-8608-677','S007'),(996,'2023-07-04','Wednesday','Item A',200000.0000,'C00996','Camellia Ward','camellia.ward@gmail.com','+62 864-1462-53720','S005'),(997,'2023-07-05','Thursday','Item A',200000.0000,'C00997','Benjamin Wood','benjamin.wood@gmail.com','+62 813-003-180','S006'),(998,'2023-07-05','Thursday','Item A',200000.0000,'C00998','Domenic Vaughan','domenic.vaughan@gmail.com','+62 819-4928-77480','S003'),(999,'2023-07-05','Thursday','Item A',200000.0000,'C00999','Willow Reynolds','willow.reynold@gmail.com','+62 837-9494-034','S007'),(1000,'2023-07-05','Thursday','Item A',200000.0000,'C01000','Valerie Vincent','valerie.vincent@gmail.com','+62 817-105-070','S003');
/*!40000 ALTER TABLE `tm_order` ENABLE KEYS */;
UNLOCK TABLES;

--
-- Table structure for table `tr_employee`
--

DROP TABLE IF EXISTS `tr_employee`;
/*!40101 SET @saved_cs_client     = @@character_set_client */;
/*!40101 SET character_set_client = utf8 */;
CREATE TABLE `tr_employee` (
  `employee_id` varchar(5) NOT NULL,
  `employee_name` varchar(100) DEFAULT NULL,
  `employee_email` varchar(50) DEFAULT NULL,
  `employee_phone` varchar(20) DEFAULT NULL,
  `e_office` varchar(50) DEFAULT NULL,
  PRIMARY KEY (`employee_id`)
) ENGINE=InnoDB DEFAULT CHARSET=latin1;
/*!40101 SET character_set_client = @saved_cs_client */;

--
-- Dumping data for table `tr_employee`
--

LOCK TABLES `tr_employee` WRITE;
/*!40000 ALTER TABLE `tr_employee` DISABLE KEYS */;
INSERT INTO `tr_employee` VALUES ('S001','Martin Lloyd','martin.lloyd@office.com','+62 862-5031-53370','Jakarta'),('S002','John Hobson','john.hobson@office.com','+62 813-105-750','Jakarta'),('S003','Boris Baker','boris.baker@office.com','+62 866-541-918','Jakarta'),('S004','Margot Sinclair','margot.sinclair@office.com','+62 898-1644-343','Bogor'),('S005','Alessandra Fall','alessandra.fall@office.com','+62 828-806-332','Bogor'),('S006','Doug Callan','doug.callan@office.com','+62 881-180-462','Bogor'),('S007','Elisabeth Nanton','elisabeth.nanton@office.com','+62 853-3431-15623','Bandung'),('S008','Bob Carter','bob.carter@office.com','+62 853-255-099','Bandung'),('S009','Livia Roberts','livia.roberts@office.com','+62 889-648-234','Bandung'),('S010','Jane Bell','jane.bell@office.com','+62 898-9997-62059','Jakarta');
/*!40000 ALTER TABLE `tr_employee` ENABLE KEYS */;
UNLOCK TABLES;

--
-- Table structure for table `tr_user_global`
--

DROP TABLE IF EXISTS `tr_user_global`;
/*!40101 SET @saved_cs_client     = @@character_set_client */;
/*!40101 SET character_set_client = utf8 */;
CREATE TABLE `tr_user_global` (
  `id` int(11) NOT NULL AUTO_INCREMENT,
  `name` varchar(100) DEFAULT NULL,
  `email` varchar(50) DEFAULT NULL,
  `password` varchar(100) DEFAULT NULL,
  `group` varchar(10) DEFAULT NULL,
  PRIMARY KEY (`id`)
) ENGINE=InnoDB AUTO_INCREMENT=2 DEFAULT CHARSET=latin1;
/*!40101 SET character_set_client = @saved_cs_client */;

--
-- Dumping data for table `tr_user_global`
--

LOCK TABLES `tr_user_global` WRITE;
/*!40000 ALTER TABLE `tr_user_global` DISABLE KEYS */;
INSERT INTO `tr_user_global` VALUES (1,'admin','admin@gmail.com','21232f297a57a5a743894a0e4a801fc3 ','2');
/*!40000 ALTER TABLE `tr_user_global` ENABLE KEYS */;
UNLOCK TABLES;

--
-- Temporary table structure for view `v_dashgr`
--

DROP TABLE IF EXISTS `v_dashgr`;
/*!50001 DROP VIEW IF EXISTS `v_dashgr`*/;
SET @saved_cs_client     = @@character_set_client;
SET character_set_client = utf8;
/*!50001 CREATE VIEW `v_dashgr` AS SELECT 
 1 AS `month`,
 1 AS `totalincome`*/;
SET character_set_client = @saved_cs_client;

--
-- Temporary table structure for view `v_dashgrafik`
--

DROP TABLE IF EXISTS `v_dashgrafik`;
/*!50001 DROP VIEW IF EXISTS `v_dashgrafik`*/;
SET @saved_cs_client     = @@character_set_client;
SET character_set_client = utf8;
/*!50001 CREATE VIEW `v_dashgrafik` AS SELECT 
 1 AS `employee_id`,
 1 AS `employee_name`,
 1 AS `order_date`,
 1 AS `totalincome`*/;
SET character_set_client = @saved_cs_client;

--
-- Temporary table structure for view `v_dashincome`
--

DROP TABLE IF EXISTS `v_dashincome`;
/*!50001 DROP VIEW IF EXISTS `v_dashincome`*/;
SET @saved_cs_client     = @@character_set_client;
SET character_set_client = utf8;
/*!50001 CREATE VIEW `v_dashincome` AS SELECT 
 1 AS `totalincome`*/;
SET character_set_client = @saved_cs_client;

--
-- Temporary table structure for view `v_dashsales`
--

DROP TABLE IF EXISTS `v_dashsales`;
/*!50001 DROP VIEW IF EXISTS `v_dashsales`*/;
SET @saved_cs_client     = @@character_set_client;
SET character_set_client = utf8;
/*!50001 CREATE VIEW `v_dashsales` AS SELECT 
 1 AS `totalsales`*/;
SET character_set_client = @saved_cs_client;

--
-- Temporary table structure for view `v_recentorder`
--

DROP TABLE IF EXISTS `v_recentorder`;
/*!50001 DROP VIEW IF EXISTS `v_recentorder`*/;
SET @saved_cs_client     = @@character_set_client;
SET character_set_client = utf8;
/*!50001 CREATE VIEW `v_recentorder` AS SELECT 
 1 AS `id`,
 1 AS `order_date`,
 1 AS `order_days`,
 1 AS `order_item`,
 1 AS `order_amount`,
 1 AS `client_id`,
 1 AS `client_name`,
 1 AS `client_email`,
 1 AS `client_phone`,
 1 AS `employee_id`,
 1 AS `employee_name`,
 1 AS `e_office`*/;
SET character_set_client = @saved_cs_client;

--
-- Final view structure for view `v_dashgr`
--

/*!50001 DROP VIEW IF EXISTS `v_dashgr`*/;
/*!50001 SET @saved_cs_client          = @@character_set_client */;
/*!50001 SET @saved_cs_results         = @@character_set_results */;
/*!50001 SET @saved_col_connection     = @@collation_connection */;
/*!50001 SET character_set_client      = utf8mb4 */;
/*!50001 SET character_set_results     = utf8mb4 */;
/*!50001 SET collation_connection      = utf8mb4_general_ci */;
/*!50001 CREATE ALGORITHM=UNDEFINED */
/*!50013 DEFINER=`root`@`%` SQL SECURITY DEFINER */
/*!50001 VIEW `v_dashgr` AS select `a`.`month` AS `month`,`a`.`totalincome` AS `totalincome` from (select 'MEI' AS `month`,sum(`a_1`.`order_amount`) AS `totalincome` from (`test-dev-megavision`.`tm_order` `a_1` join `test-dev-megavision`.`tr_employee` `b` on((`b`.`employee_id` = `a_1`.`employee_id`))) where (convert(date_format(`a_1`.`order_date`,'%Y%m') using utf8mb4) = '202305') union all select 'JUN' AS `month`,sum(`a_1`.`order_amount`) AS `totalincome` from (`test-dev-megavision`.`tm_order` `a_1` join `test-dev-megavision`.`tr_employee` `b` on((`b`.`employee_id` = `a_1`.`employee_id`))) where (convert(date_format(`a_1`.`order_date`,'%Y%m') using utf8mb4) = '202306') union all select 'JUL' AS `month`,sum(`a_1`.`order_amount`) AS `totalincome` from (`test-dev-megavision`.`tm_order` `a_1` join `test-dev-megavision`.`tr_employee` `b` on((`b`.`employee_id` = `a_1`.`employee_id`))) where (convert(date_format(`a_1`.`order_date`,'%Y%m') using utf8mb4) = '202307')) `a` */;
/*!50001 SET character_set_client      = @saved_cs_client */;
/*!50001 SET character_set_results     = @saved_cs_results */;
/*!50001 SET collation_connection      = @saved_col_connection */;

--
-- Final view structure for view `v_dashgrafik`
--

/*!50001 DROP VIEW IF EXISTS `v_dashgrafik`*/;
/*!50001 SET @saved_cs_client          = @@character_set_client */;
/*!50001 SET @saved_cs_results         = @@character_set_results */;
/*!50001 SET @saved_col_connection     = @@collation_connection */;
/*!50001 SET character_set_client      = utf8mb4 */;
/*!50001 SET character_set_results     = utf8mb4 */;
/*!50001 SET collation_connection      = utf8mb4_general_ci */;
/*!50001 CREATE ALGORITHM=UNDEFINED */
/*!50013 DEFINER=`root`@`%` SQL SECURITY DEFINER */
/*!50001 VIEW `v_dashgrafik` AS select `a`.`employee_id` AS `employee_id`,`b`.`employee_name` AS `employee_name`,`a`.`order_date` AS `order_date`,sum(`a`.`order_amount`) AS `totalincome` from (`tm_order` `a` join `tr_employee` `b` on((`b`.`employee_id` = `a`.`employee_id`))) group by `a`.`employee_id`,`b`.`employee_name`,`a`.`order_date` order by `a`.`order_date`,`a`.`employee_id` */;
/*!50001 SET character_set_client      = @saved_cs_client */;
/*!50001 SET character_set_results     = @saved_cs_results */;
/*!50001 SET collation_connection      = @saved_col_connection */;

--
-- Final view structure for view `v_dashincome`
--

/*!50001 DROP VIEW IF EXISTS `v_dashincome`*/;
/*!50001 SET @saved_cs_client          = @@character_set_client */;
/*!50001 SET @saved_cs_results         = @@character_set_results */;
/*!50001 SET @saved_col_connection     = @@collation_connection */;
/*!50001 SET character_set_client      = utf8mb4 */;
/*!50001 SET character_set_results     = utf8mb4 */;
/*!50001 SET collation_connection      = utf8mb4_general_ci */;
/*!50001 CREATE ALGORITHM=UNDEFINED */
/*!50013 DEFINER=`root`@`%` SQL SECURITY DEFINER */
/*!50001 VIEW `v_dashincome` AS select sum(`tm_order`.`order_amount`) AS `totalincome` from `tm_order` */;
/*!50001 SET character_set_client      = @saved_cs_client */;
/*!50001 SET character_set_results     = @saved_cs_results */;
/*!50001 SET collation_connection      = @saved_col_connection */;

--
-- Final view structure for view `v_dashsales`
--

/*!50001 DROP VIEW IF EXISTS `v_dashsales`*/;
/*!50001 SET @saved_cs_client          = @@character_set_client */;
/*!50001 SET @saved_cs_results         = @@character_set_results */;
/*!50001 SET @saved_col_connection     = @@collation_connection */;
/*!50001 SET character_set_client      = utf8mb4 */;
/*!50001 SET character_set_results     = utf8mb4 */;
/*!50001 SET collation_connection      = utf8mb4_general_ci */;
/*!50001 CREATE ALGORITHM=UNDEFINED */
/*!50013 DEFINER=`root`@`%` SQL SECURITY DEFINER */
/*!50001 VIEW `v_dashsales` AS select count(0) AS `totalsales` from `tm_order` */;
/*!50001 SET character_set_client      = @saved_cs_client */;
/*!50001 SET character_set_results     = @saved_cs_results */;
/*!50001 SET collation_connection      = @saved_col_connection */;

--
-- Final view structure for view `v_recentorder`
--

/*!50001 DROP VIEW IF EXISTS `v_recentorder`*/;
/*!50001 SET @saved_cs_client          = @@character_set_client */;
/*!50001 SET @saved_cs_results         = @@character_set_results */;
/*!50001 SET @saved_col_connection     = @@collation_connection */;
/*!50001 SET character_set_client      = utf8mb4 */;
/*!50001 SET character_set_results     = utf8mb4 */;
/*!50001 SET collation_connection      = utf8mb4_general_ci */;
/*!50001 CREATE ALGORITHM=UNDEFINED */
/*!50013 DEFINER=`root`@`%` SQL SECURITY DEFINER */
/*!50001 VIEW `v_recentorder` AS select `a`.`id` AS `id`,`a`.`order_date` AS `order_date`,`a`.`order_days` AS `order_days`,`a`.`order_item` AS `order_item`,`a`.`order_amount` AS `order_amount`,`a`.`client_id` AS `client_id`,`a`.`client_name` AS `client_name`,`a`.`client_email` AS `client_email`,`a`.`client_phone` AS `client_phone`,`a`.`employee_id` AS `employee_id`,`b`.`employee_name` AS `employee_name`,`b`.`e_office` AS `e_office` from (`tm_order` `a` join `tr_employee` `b` on((`b`.`employee_id` = `a`.`employee_id`))) order by `a`.`order_date` desc */;
/*!50001 SET character_set_client      = @saved_cs_client */;
/*!50001 SET character_set_results     = @saved_cs_results */;
/*!50001 SET collation_connection      = @saved_col_connection */;
/*!40103 SET TIME_ZONE=@OLD_TIME_ZONE */;

/*!40101 SET SQL_MODE=@OLD_SQL_MODE */;
/*!40014 SET FOREIGN_KEY_CHECKS=@OLD_FOREIGN_KEY_CHECKS */;
/*!40014 SET UNIQUE_CHECKS=@OLD_UNIQUE_CHECKS */;
/*!40101 SET CHARACTER_SET_CLIENT=@OLD_CHARACTER_SET_CLIENT */;
/*!40101 SET CHARACTER_SET_RESULTS=@OLD_CHARACTER_SET_RESULTS */;
/*!40101 SET COLLATION_CONNECTION=@OLD_COLLATION_CONNECTION */;
/*!40111 SET SQL_NOTES=@OLD_SQL_NOTES */;

-- Dump completed on 2023-09-06 17:09:29
